{"CVX": 175.99000549316406, "GOOGL": 346.1199951171875, "BAC": 57.91999816894531, "VZ": 46.720001220703125, "AAPL": 294.2799987792969, "ABBV": 234.74000549316406, "HD": 324.45001220703125, "T": 22.809999465942383, "JPM": 334.1400146484375, "O": 61.529998779296875, "IBM": 264.8800048828125, "AVGO": 380.3599853515625, "UNH": 409.30999755859375, "NEE": 86.43000030517578, "MMM": 161.9199981689453, "DUK": 125.06050109863281, "PM": 178.72500610351562, "KO": 80.30999755859375, "SO": 94.93000030517578, "NFLX": 72.76000213623047, "PEP": 142.0399932861328, "WMT": 119.41999816894531, "DOW": 30.334999084472656, "AMZN": 234.10000610351562, "MO": 71.62000274658203, "V": 328.4200134277344, "MSFT": 373.9049987792969, "MRK": 119.59500122070312, "NVDA": 200.02099609375, "MA": 488.1099853515625, "COST": 957.3200073242188, "PG": 150.86000061035156, "XOM": 139.72999572753906, "JNJ": 239.08999633789062, "META": 562.219970703125, "TSLA": 381.57000732421875}