{"XOM": 151.34500122070312, "AVGO": 374.0199890136719, "V": 321.2699890136719, "T": 23.135000228881836, "JPM": 311.6199951171875, "NVDA": 202.8350067138672, "MA": 488.6300048828125, "PEP": 144.17999267578125, "MO": 73.3499984741211, "CVX": 191.60000610351562, "SO": 94.04499816894531, "MRK": 117.68499755859375, "META": 577.0499877929688, "AMZN": 239.13999938964844, "O": 62.23500061035156, "DOW": 34.165000915527344, "PG": 149.71499633789062, "GOOGL": 358.4800109863281, "KO": 83.66120147705078, "WMT": 119.51000213623047, "MSFT": 402.6449890136719, "COST": 976.5999755859375, "NFLX": 82.52010345458984, "NEE": 85.08499908447266, "ABBV": 225.8249969482422, "PM": 181.9199981689453, "IBM": 275.7250061035156, "UNH": 406.510009765625, "JNJ": 239.1199951171875, "MMM": 158.38999938964844, "VZ": 46.85499954223633, "TSLA": 384.45001220703125, "AAPL": 291.6700134277344, "DUK": 125.30000305175781, "BAC": 54.994998931884766, "HD": 321.55999755859375}