{"AMZN": 245.89999389648438, "UNH": 428.55499267578125, "PG": 147.8350067138672, "DUK": 125.48999786376953, "DOW": 28.905000686645508, "COST": 910.260009765625, "AVGO": 400.4100036621094, "WMT": 113.69000244140625, "T": 21.146900177001953, "META": 673.8699951171875, "GOOGL": 354.1000061035156, "MSFT": 382.9800109863281, "BAC": 59.75, "MMM": 157.4600067138672, "JPM": 337.29998779296875, "NEE": 87.48500061035156, "CVX": 174.27000427246094, "O": 63.1349983215332, "AAPL": 313.7099914550781, "V": 346.614990234375, "PEP": 136.8249969482422, "ABBV": 246.19650268554688, "MO": 71.52999877929688, "HD": 343.4800109863281, "MA": 521.625, "PM": 179.6894989013672, "MRK": 124.01000213623047, "IBM": 291.6650085449219, "XOM": 137.6999969482422, "JNJ": 258.20001220703125, "SO": 95.52999877929688, "TSLA": 409.28509521484375, "VZ": 42.165000915527344, "NVDA": 208.4250030517578, "NFLX": 73.23999786376953, "KO": 83.6449966430664}