{"IBM": 284.8800048828125, "VZ": 45.380001068115234, "AAPL": 307.3900146484375, "JNJ": 232.8000030517578, "TSLA": 390.9700012207031, "DUK": 124.23999786376953, "NVDA": 205.10499572753906, "GOOGL": 368.7174987792969, "MSFT": 416.67999267578125, "V": 323.7200012207031, "MRK": 120.87999725341797, "T": 22.760000228881836, "MO": 72.20999908447266, "SO": 92.62999725341797, "NEE": 85.86000061035156, "HD": 310.7799987792969, "AMZN": 245.97000122070312, "DOW": 33.98500061035156, "XOM": 150.02000427246094, "PG": 146.5399932861328, "NFLX": 82.20500183105469, "BAC": 53.83000183105469, "MA": 491.2099914550781, "PM": 178.35000610351562, "AVGO": 385.7300109863281, "COST": 971.8400268554688, "O": 60.849998474121094, "ABBV": 227.25999450683594, "WMT": 118.9000015258789, "MMM": 153.74000549316406, "CVX": 187.3699951171875, "UNH": 399.6000061035156, "META": 592.6400146484375, "PEP": 141.86000061035156, "JPM": 312.489990234375, "KO": 79.5}