{"XOM": 150.60000610351562, "VZ": 47.564998626708984, "KO": 83.40989685058594, "UNH": 406.3949890136719, "BAC": 54.584999084472656, "MO": 72.70999908447266, "AVGO": 378.3450012207031, "GOOGL": 349.0899963378906, "CVX": 190.2100067138672, "TSLA": 385.8900146484375, "DOW": 34.904998779296875, "AAPL": 293.92498779296875, "WMT": 121.11499786376953, "NVDA": 201.372802734375, "MRK": 121.25, "META": 563.2109985351562, "HD": 319.760009765625, "NFLX": 80.99500274658203, "T": 23.180099487304688, "NEE": 85.06999969482422, "AMZN": 237.13499450683594, "JNJ": 239.77000427246094, "MA": 485.80999755859375, "V": 319.260009765625, "DUK": 125.30500030517578, "IBM": 272.4150085449219, "MSFT": 387.6600036621094, "PEP": 144.7299041748047, "MMM": 156.8249969482422, "O": 62.255001068115234, "JPM": 310.4700012207031, "PM": 183.50999450683594, "ABBV": 225.7550048828125, "COST": 981.1199951171875, "SO": 94.07499694824219, "PG": 148.33999633789062}