{"WMT": 119.94999694824219, "NVDA": 208.61000061035156, "O": 60.05500030517578, "AAPL": 304.0981140136719, "ABBV": 222.7550048828125, "VZ": 45.39500045776367, "MRK": 118.95500183105469, "BAC": 53.810001373291016, "V": 320.1300048828125, "CVX": 189.27000427246094, "COST": 974.6099853515625, "DUK": 122.25499725341797, "JNJ": 231.71270751953125, "XOM": 151.77000427246094, "PG": 145.66000366210938, "JPM": 312.0050048828125, "MMM": 155.5, "META": 586.7650146484375, "MSFT": 412.5400085449219, "GOOGL": 363.82000732421875, "UNH": 406.0899963378906, "T": 22.645000457763672, "NEE": 84.20999908447266, "HD": 310.9898986816406, "AMZN": 244.6999969482422, "PEP": 140.75999450683594, "KO": 79.54499816894531, "IBM": 281.2300109863281, "DOW": 34.0, "PM": 175.4333953857422, "AVGO": 394.44500732421875, "MO": 71.54499816894531, "TSLA": 410.3699951171875, "NFLX": 82.63500213623047, "MA": 485.6000061035156, "SO": 91.37000274658203}