{"COST": 921.0349731445312, "JPM": 340.69500732421875, "V": 358.1000061035156, "AAPL": 314.659912109375, "NVDA": 211.36000061035156, "PG": 146.1300048828125, "PEP": 136.05499267578125, "O": 63.834999084472656, "PM": 177.71499633789062, "AMZN": 246.1199951171875, "UNH": 425.70001220703125, "JNJ": 253.16000366210938, "CVX": 181.34500122070312, "IBM": 219.22500610351562, "XOM": 144.5500030517578, "DUK": 126.02999877929688, "MSFT": 386.69500732421875, "NEE": 89.47859954833984, "BAC": 60.654998779296875, "ABBV": 245.0749969482422, "NFLX": 73.90499877929688, "VZ": 42.29499816894531, "GOOGL": 357.92999267578125, "DOW": 30.295000076293945, "MO": 70.34819793701172, "T": 21.30500030517578, "AVGO": 393.92999267578125, "MMM": 156.625, "TSLA": 395.7650146484375, "WMT": 114.25, "MA": 539.5499877929688, "MRK": 120.41000366210938, "META": 662.280029296875, "SO": 95.88999938964844, "KO": 83.34500122070312, "HD": 337.6099853515625}