{"GOOGL": 387.4750061035156, "HD": 313.1199951171875, "TSLA": 426.252685546875, "MO": 73.87999725341797, "T": 25.315000534057617, "WMT": 120.43000030517578, "COST": 1031.2099609375, "JNJ": 234.55499267578125, "BAC": 51.88999938964844, "VZ": 48.29999923706055, "NFLX": 88.83000183105469, "JPM": 305.85009765625, "KO": 81.23999786376953, "MRK": 121.64990234375, "CVX": 190.32000732421875, "AAPL": 310.7149963378906, "UNH": 389.7699890136719, "V": 330.4549865722656, "META": 609.7000122070312, "ABBV": 218.02000427246094, "NVDA": 217.3000030517578, "PEP": 149.34500122070312, "PM": 189.9770965576172, "AMZN": 269.07501220703125, "MSFT": 418.8450012207031, "MA": 499.1499938964844, "PG": 144.1999969482422, "IBM": 256.94000244140625, "NEE": 88.75499725341797, "O": 61.939998626708984, "XOM": 154.1699981689453, "AVGO": 413.6675109863281, "DUK": 125.08999633789062, "SO": 94.36499786376953, "DOW": 35.939998626708984, "MMM": 152.8000030517578}