{"AAPL": 266.5799865722656, "PEP": 154.69500732421875, "AMZN": 262.0199890136719, "UNH": 350.94000244140625, "META": 679.6099853515625, "AVGO": 417.2049865722656, "MMM": 144.97000122070312, "MSFT": 425.6549987792969, "V": 309.125, "NFLX": 92.12000274658203, "KO": 76.07499694824219, "PG": 148.27999877929688, "SO": 94.06500244140625, "CVX": 183.69000244140625, "GOOGL": 352.8800048828125, "TSLA": 378.0, "DUK": 127.44999694824219, "O": 62.880001068115234, "DOW": 37.869998931884766, "VZ": 47.650001525878906, "PM": 162.17999267578125, "MO": 65.9800033569336, "JPM": 310.8222961425781, "XOM": 148.06500244140625, "T": 25.834999084472656, "NEE": 95.01000213623047, "IBM": 228.375, "BAC": 52.505001068115234, "MA": 505.94000244140625, "COST": 1005.364990234375, "JNJ": 225.5749969482422, "HD": 333.7900085449219, "NVDA": 215.0500030517578, "WMT": 127.93000030517578, "MRK": 111.125, "ABBV": 198.02499389648438}