{"NVDA": 223.43499755859375, "VZ": 47.79999923706055, "DUK": 123.80999755859375, "KO": 81.55000305175781, "JPM": 301.9700012207031, "AVGO": 417.5199890136719, "V": 330.7900085449219, "NFLX": 88.0999984741211, "CVX": 191.36000061035156, "AAPL": 302.2650146484375, "SO": 93.625, "MRK": 112.98999786376953, "MSFT": 421.05999755859375, "COST": 1074.0, "PEP": 149.24000549316406, "JNJ": 229.33999633789062, "BAC": 51.14500045776367, "HD": 310.5950012207031, "MMM": 149.8000030517578, "TSLA": 417.2699890136719, "WMT": 130.88999938964844, "MA": 498.05999755859375, "T": 24.924999237060547, "GOOGL": 388.8800048828125, "META": 605.0599975585938, "MO": 73.36000061035156, "XOM": 156.2949981689453, "PM": 188.64999389648438, "O": 62.224998474121094, "ABBV": 212.32000732421875, "AMZN": 265.010009765625, "DOW": 36.2599983215332, "PG": 142.47999572753906, "NEE": 88.2699966430664, "UNH": 383.2749938964844, "IBM": 224.91000366210938}