{"V": 322.9750061035156, "WMT": 120.55999755859375, "T": 23.190000534057617, "GOOGL": 356.2850036621094, "MA": 489.010009765625, "MRK": 119.05999755859375, "AAPL": 291.5, "COST": 983.5599975585938, "IBM": 272.6499938964844, "NVDA": 200.33999633789062, "NFLX": 81.94999694824219, "AVGO": 371.55999755859375, "PG": 149.07000732421875, "VZ": 46.94499969482422, "JPM": 309.2099914550781, "MO": 73.12999725341797, "ABBV": 225.02000427246094, "META": 570.7899780273438, "JNJ": 238.50999450683594, "PM": 182.9499969482422, "PEP": 144.27999877929688, "MSFT": 397.26129150390625, "NEE": 85.09500122070312, "TSLA": 381.6199951171875, "UNH": 407.55999755859375, "BAC": 54.53499984741211, "XOM": 150.66000366210938, "KO": 83.58000183105469, "CVX": 189.8300018310547, "O": 62.119998931884766, "DUK": 125.04000091552734, "DOW": 34.255001068115234, "SO": 94.0199966430664, "HD": 318.95001220703125, "AMZN": 237.94500732421875, "MMM": 156.83999633789062}