{"MA": 494.8550109863281, "HD": 316.9700012207031, "IBM": 255.83999633789062, "NFLX": 87.49500274658203, "GOOGL": 391.6199951171875, "AAPL": 310.7900085449219, "AMZN": 269.6499938964844, "JPM": 298.6737060546875, "PEP": 148.25999450683594, "META": 629.0006713867188, "DUK": 125.37000274658203, "AVGO": 420.1449890136719, "PG": 147.8000030517578, "BAC": 51.28770065307617, "NEE": 87.29000091552734, "MSFT": 412.4200134277344, "WMT": 118.7699966430664, "VZ": 48.55500030517578, "ABBV": 214.875, "O": 62.41999816894531, "PM": 181.64500427246094, "UNH": 381.3399963378906, "COST": 1007.4249877929688, "MO": 72.32499694824219, "T": 24.975000381469727, "XOM": 148.15499877929688, "DOW": 34.57469940185547, "V": 328.989990234375, "NVDA": 212.9600067138672, "TSLA": 439.82000732421875, "CVX": 182.66000366210938, "KO": 82.00499725341797, "MMM": 155.86500549316406, "JNJ": 231.63409423828125, "SO": 93.88999938964844, "MRK": 120.7300033569336}