{"O": 62.064998626708984, "V": 323.6400146484375, "AAPL": 291.45001220703125, "XOM": 149.1649932861328, "T": 24.690000534057617, "GOOGL": 390.9700012207031, "TSLA": 447.5950012207031, "CVX": 184.56500244140625, "MA": 498.9200134277344, "NVDA": 219.61000061035156, "NEE": 95.16500091552734, "IBM": 223.00999450683594, "MO": 68.55999755859375, "JPM": 300.05999755859375, "KO": 78.31009674072266, "DOW": 38.67499923706055, "UNH": 383.614990234375, "MMM": 143.17999267578125, "SO": 93.16500091552734, "PEP": 149.39999389648438, "WMT": 126.73999786376953, "AVGO": 427.9849853515625, "DUK": 124.72000122070312, "MRK": 111.55000305175781, "ABBV": 202.78599548339844, "META": 598.9099731445312, "AMZN": 269.4800109863281, "COST": 993.5474853515625, "PG": 142.61500549316406, "BAC": 50.584999084472656, "JNJ": 220.64999389648438, "NFLX": 85.38500213623047, "HD": 309.9100036621094, "MSFT": 410.5400085449219, "VZ": 47.02000045776367, "PM": 180.33999633789062}