{"BAC": 51.21500015258789, "PG": 142.76010131835938, "MRK": 113.3550033569336, "COST": 1079.7850341796875, "HD": 309.6000061035156, "MA": 497.6700134277344, "JPM": 301.95001220703125, "PM": 186.11000061035156, "V": 331.2850036621094, "TSLA": 413.1698913574219, "MO": 73.55999755859375, "O": 62.05500030517578, "META": 605.8400268554688, "CVX": 192.77999877929688, "JNJ": 230.43499755859375, "XOM": 157.6999969482422, "AMZN": 263.9949951171875, "WMT": 131.25, "KO": 81.91000366210938, "DUK": 124.61000061035156, "NVDA": 224.1197052001953, "DOW": 36.1150016784668, "AVGO": 418.1199951171875, "NFLX": 88.25, "SO": 93.97000122070312, "VZ": 47.7400016784668, "MMM": 150.25999450683594, "NEE": 88.61000061035156, "T": 24.895000457763672, "ABBV": 212.9739990234375, "AAPL": 301.8999938964844, "UNH": 383.2699890136719, "IBM": 223.6999969482422, "PEP": 149.2449951171875, "GOOGL": 386.69000244140625, "MSFT": 420.31988525390625}