{"IBM": 265.32000732421875, "KO": 79.66000366210938, "MMM": 160.94000244140625, "PEP": 141.42999267578125, "TSLA": 400.79998779296875, "O": 60.6349983215332, "META": 572.75, "UNH": 403.8999938964844, "VZ": 45.30500030517578, "JNJ": 232.8800048828125, "JPM": 334.69000244140625, "V": 331.70001220703125, "PG": 150.44000244140625, "CVX": 177.99000549316406, "MRK": 115.20999908447266, "BAC": 56.92499923706055, "WMT": 117.56999969482422, "DUK": 123.82499694824219, "NEE": 85.86250305175781, "AAPL": 295.2699890136719, "XOM": 141.02000427246094, "HD": 332.6700134277344, "NVDA": 206.11000061035156, "T": 22.259899139404297, "PM": 179.3699951171875, "ABBV": 220.92999267578125, "NFLX": 76.93000030517578, "MO": 68.7699966430664, "DOW": 33.22999954223633, "AVGO": 397.42498779296875, "SO": 92.875, "AMZN": 238.64999389648438, "GOOGL": 364.6400146484375, "COST": 962.0900268554688, "MSFT": 381.54998779296875, "MA": 496.0299987792969}