{"CVX": 183.72000122070312, "NEE": 88.95999908447266, "V": 361.4100036621094, "BAC": 61.650001525878906, "O": 65.12999725341797, "PEP": 138.67999267578125, "AVGO": 377.55999755859375, "NFLX": 73.98999786376953, "META": 669.0399780273438, "XOM": 145.7050018310547, "UNH": 430.510009765625, "MRK": 128.17999267578125, "GOOGL": 371.4100036621094, "ABBV": 251.59500122070312, "HD": 346.55499267578125, "MO": 72.55500030517578, "MMM": 161.8000030517578, "PM": 186.28250122070312, "DOW": 29.594999313354492, "TSLA": 388.3999938964844, "T": 22.02989959716797, "DUK": 125.44499969482422, "WMT": 115.22000122070312, "SO": 95.29000091552734, "PG": 150.3300018310547, "NVDA": 206.97999572753906, "MA": 547.27001953125, "AAPL": 333.4549865722656, "VZ": 43.98500061035156, "MSFT": 402.260009765625, "JPM": 344.2900085449219, "JNJ": 249.52999877929688, "COST": 938.7349853515625, "KO": 84.55999755859375, "IBM": 217.82000732421875, "AMZN": 255.80999755859375}