{"MMM": 145.13999938964844, "V": 322.55999755859375, "ABBV": 210.77000427246094, "TSLA": 443.17999267578125, "META": 618.4299926757812, "AMZN": 267.25, "DUK": 124.31999969482422, "JNJ": 230.8300018310547, "AVGO": 439.4599914550781, "BAC": 49.849998474121094, "PM": 191.92999267578125, "AAPL": 298.1650085449219, "PG": 142.75, "COST": 1041.300048828125, "CVX": 186.63999938964844, "VZ": 47.09000015258789, "GOOGL": 401.1199951171875, "DOW": 38.77000045776367, "HD": 304.4200134277344, "O": 61.96500015258789, "UNH": 399.125, "KO": 80.4800033569336, "T": 24.65999984741211, "JPM": 300.0150146484375, "SO": 93.67500305175781, "IBM": 218.4499969482422, "MSFT": 409.4700012207031, "WMT": 132.44000244140625, "NVDA": 235.7449951171875, "MA": 489.94000244140625, "PEP": 148.66000366210938, "XOM": 152.77499389648438, "MO": 72.40499877929688, "NFLX": 86.94000244140625, "MRK": 113.41999816894531, "NEE": 95.69000244140625}