{"CVX": 173.5800018310547, "UNH": 401.05999755859375, "NFLX": 77.33000183105469, "IBM": 249.14999389648438, "COST": 951.1099853515625, "MRK": 113.87999725341797, "V": 327.30999755859375, "PEP": 141.94000244140625, "GOOGL": 367.989990234375, "WMT": 117.18000030517578, "JNJ": 228.32000732421875, "VZ": 45.380001068115234, "BAC": 56.15999984741211, "DUK": 123.86000061035156, "KO": 79.37000274658203, "ABBV": 216.5, "META": 577.219970703125, "DOW": 31.719999313354492, "MA": 489.7699890136719, "AMZN": 244.3524932861328, "AVGO": 410.7900085449219, "MSFT": 379.04998779296875, "MMM": 160.64999389648438, "SO": 93.06999969482422, "HD": 334.0799865722656, "JPM": 325.239990234375, "TSLA": 400.42999267578125, "T": 21.9950008392334, "NEE": 86.72000122070312, "NVDA": 210.22999572753906, "XOM": 137.77000427246094, "AAPL": 297.8900146484375, "PM": 178.35000610351562, "PG": 150.3800048828125, "O": 60.244998931884766, "MO": 69.12000274658203}