{"NVDA": 201.2799072265625, "MSFT": 372.4800109863281, "AMZN": 233.75999450683594, "KO": 80.14759826660156, "DOW": 30.45050048828125, "CVX": 175.9499969482422, "IBM": 263.5299987792969, "V": 330.3450012207031, "WMT": 119.97000122070312, "MRK": 117.91500091552734, "PM": 178.49000549316406, "MA": 487.3450012207031, "PG": 150.74000549316406, "AAPL": 297.6400146484375, "T": 22.764999389648438, "GOOGL": 345.80999755859375, "PEP": 141.5500030517578, "XOM": 139.92999267578125, "AVGO": 380.1499938964844, "JPM": 333.8699951171875, "TSLA": 382.28009033203125, "NEE": 86.56999969482422, "META": 562.3499755859375, "BAC": 57.73500061035156, "DUK": 125.2699966430664, "HD": 326.239990234375, "COST": 965.530029296875, "VZ": 46.41999816894531, "SO": 94.75, "MMM": 162.52999877929688, "MO": 71.18000030517578, "JNJ": 235.4600067138672, "NFLX": 72.99500274658203, "O": 61.64500045776367, "ABBV": 234.1699981689453, "UNH": 408.1700134277344}