{"AAPL": 270.30999755859375, "DUK": 127.65989685058594, "UNH": 368.625, "NFLX": 91.13500213623047, "AMZN": 259.3299865722656, "JNJ": 227.11000061035156, "T": 25.989999771118164, "ABBV": 197.2100067138672, "BAC": 52.78499984741211, "SO": 94.4800033569336, "NVDA": 211.98019409179688, "V": 311.07000732421875, "MO": 67.6449966430664, "WMT": 127.02999877929688, "KO": 79.03500366210938, "TSLA": 376.2699890136719, "AVGO": 398.6449890136719, "GOOGL": 349.864990234375, "NEE": 96.20339965820312, "IBM": 231.5500030517578, "O": 63.255001068115234, "COST": 988.9749755859375, "HD": 328.57000732421875, "PM": 165.94000244140625, "XOM": 150.88999938964844, "MA": 511.2650146484375, "JPM": 312.1050109863281, "VZ": 46.81999969482422, "META": 671.1599731445312, "MMM": 145.74000549316406, "PG": 149.17999267578125, "PEP": 156.5290069580078, "DOW": 38.14500045776367, "MSFT": 426.80499267578125, "CVX": 188.14999389648438, "MRK": 110.54000091552734}