{"GOOGL": 357.55999755859375, "AMZN": 247.19500732421875, "PEP": 135.87899780273438, "O": 64.05000305175781, "MSFT": 386.67999267578125, "SO": 95.88999938964844, "XOM": 144.8699951171875, "WMT": 113.91999816894531, "V": 357.20001220703125, "CVX": 181.72500610351562, "NFLX": 73.87000274658203, "JPM": 340.2499084472656, "IBM": 219.86529541015625, "COST": 919.5999755859375, "BAC": 60.404998779296875, "VZ": 42.39500045776367, "TSLA": 396.510009765625, "AAPL": 315.2799987792969, "NVDA": 212.19000244140625, "MMM": 156.32000732421875, "PM": 176.74000549316406, "MO": 70.18000030517578, "MRK": 120.72000122070312, "MA": 538.7611083984375, "NEE": 89.38020324707031, "AVGO": 394.1300048828125, "META": 661.3988037109375, "KO": 83.23999786376953, "DUK": 126.22000122070312, "JNJ": 252.63499450683594, "T": 21.28019905090332, "ABBV": 245.27000427246094, "PG": 146.56500244140625, "DOW": 30.328699111938477, "UNH": 424.6700134277344, "HD": 339.0350036621094}