{"MRK": 115.19999694824219, "JPM": 329.6650085449219, "ABBV": 221.8699951171875, "JNJ": 235.0850067138672, "IBM": 270.9118957519531, "AVGO": 380.3299865722656, "AAPL": 299.5799865722656, "T": 22.975000381469727, "NEE": 86.58920288085938, "GOOGL": 371.489990234375, "TSLA": 404.8200988769531, "MA": 496.93499755859375, "NVDA": 209.63999938964844, "HD": 336.3599853515625, "MO": 70.22000122070312, "META": 595.8800048828125, "MMM": 162.60000610351562, "V": 331.2099914550781, "PM": 184.75999450683594, "O": 61.849998474121094, "UNH": 410.8599853515625, "VZ": 46.58000183105469, "CVX": 179.13999938964844, "DOW": 32.79999923706055, "PG": 152.4250030517578, "MSFT": 390.9100036621094, "KO": 80.25, "BAC": 56.85020065307617, "XOM": 140.4550018310547, "AMZN": 245.97999572753906, "COST": 985.6900024414062, "DUK": 125.88999938964844, "SO": 94.48999786376953, "WMT": 121.06999969482422, "PEP": 146.05999755859375, "NFLX": 77.7249984741211}