{"AVGO": 419.19500732421875, "BAC": 51.01499938964844, "MA": 494.5799865722656, "HD": 318.07000732421875, "META": 612.75, "PEP": 148.50999450683594, "KO": 82.09500122070312, "AMZN": 271.4599914550781, "GOOGL": 392.05999755859375, "AAPL": 311.2449951171875, "NFLX": 87.7300033569336, "CVX": 183.00999450683594, "WMT": 118.80999755859375, "ABBV": 215.36700439453125, "DOW": 34.654998779296875, "IBM": 256.5400085449219, "VZ": 48.744998931884766, "V": 329.5899963378906, "UNH": 382.7749938964844, "COST": 1006.0, "JPM": 297.9100036621094, "XOM": 147.88999938964844, "SO": 94.04499816894531, "MO": 72.41000366210938, "MRK": 121.1050033569336, "O": 62.584999084472656, "JNJ": 232.0399932861328, "DUK": 125.30000305175781, "MMM": 155.66000366210938, "T": 25.076099395751953, "PG": 147.22999572753906, "NVDA": 210.48590087890625, "TSLA": 441.75, "MSFT": 412.7699890136719, "NEE": 87.18000030517578, "PM": 181.61500549316406}