{"META": 608.7449951171875, "GOOGL": 385.69000244140625, "V": 328.0299987792969, "BAC": 53.22999954223633, "UNH": 368.8399963378906, "O": 63.81999969482422, "NFLX": 92.0999984741211, "HD": 323.94989013671875, "WMT": 131.60000610351562, "VZ": 48.14500045776367, "MMM": 142.50999450683594, "PM": 166.38999938964844, "NEE": 96.95999908447266, "DUK": 128.6199951171875, "JPM": 312.4700012207031, "DOW": 40.29499816894531, "MA": 495.30999755859375, "MO": 74.52999877929688, "ABBV": 206.57009887695312, "PEP": 157.41000366210938, "TSLA": 390.6600036621094, "AAPL": 280.1499938964844, "COST": 1011.7000122070312, "NVDA": 198.4199981689453, "AMZN": 268.3399963378906, "T": 26.135000228881836, "MRK": 112.16000366210938, "JNJ": 227.1699981689453, "SO": 96.72000122070312, "XOM": 152.8000030517578, "KO": 78.57499694824219, "CVX": 190.6199951171875, "AVGO": 421.2799987792969, "IBM": 232.24000549316406, "MSFT": 414.510009765625, "PG": 147.26499938964844}