{"MRK": 128.3800048828125, "CVX": 170.9250030517578, "AVGO": 363.94000244140625, "PM": 180.6999969482422, "BAC": 57.79999923706055, "NEE": 88.26000213623047, "V": 335.010009765625, "MMM": 164.00999450683594, "T": 22.690000534057617, "XOM": 136.39999389648438, "IBM": 271.3999938964844, "UNH": 427.4150085449219, "WMT": 115.30000305175781, "VZ": 46.5099983215332, "JPM": 327.9200134277344, "MSFT": 371.3599853515625, "NFLX": 73.62999725341797, "O": 63.095001220703125, "COST": 951.0499877929688, "KO": 82.62000274658203, "PG": 148.94000244140625, "JNJ": 254.25999450683594, "META": 549.3499755859375, "PEP": 141.1300048828125, "DUK": 128.38999938964844, "MO": 73.73999786376953, "MA": 498.6000061035156, "SO": 97.0199966430664, "TSLA": 379.19000244140625, "GOOGL": 336.1000061035156, "HD": 348.17999267578125, "NVDA": 191.72000122070312, "DOW": 29.049999237060547, "AMZN": 230.5500030517578, "AAPL": 281.20001220703125, "ABBV": 251.63999938964844}