{"MO": 72.51010131835938, "IBM": 311.2349853515625, "NVDA": 197.72999572753906, "NFLX": 76.71499633789062, "V": 350.260009765625, "VZ": 42.685001373291016, "DOW": 27.665000915527344, "JNJ": 265.7701110839844, "PM": 185.6699981689453, "KO": 83.9749984741211, "GOOGL": 369.7550048828125, "MRK": 128.43499755859375, "MSFT": 392.95001220703125, "MA": 531.3599853515625, "T": 21.0, "ABBV": 255.07000732421875, "HD": 345.0299987792969, "SO": 97.25, "AMZN": 245.72999572753906, "UNH": 425.875, "JPM": 338.5199890136719, "AAPL": 312.7099914550781, "WMT": 111.7300033569336, "COST": 949.1900024414062, "PEP": 145.35000610351562, "AVGO": 372.19500732421875, "TSLA": 406.6000061035156, "O": 64.05999755859375, "BAC": 60.189701080322266, "META": 608.135009765625, "CVX": 171.39999389648438, "NEE": 88.51000213623047, "MMM": 156.8800048828125, "XOM": 139.96499633789062, "PG": 151.02000427246094, "DUK": 128.3300018310547}