{"GOOGL": 347.1549987792969, "PG": 149.11000061035156, "JPM": 332.135009765625, "IBM": 246.3800048828125, "CVX": 174.689697265625, "TSLA": 407.1131896972656, "META": 563.4400024414062, "MA": 486.1050109863281, "JNJ": 230.9250030517578, "AAPL": 299.7900085449219, "V": 328.9599914550781, "PM": 174.52499389648438, "T": 22.18000030517578, "DOW": 31.03499984741211, "NVDA": 209.1300048828125, "COST": 949.4500122070312, "NEE": 86.80999755859375, "UNH": 408.5050048828125, "MSFT": 368.7550048828125, "XOM": 138.2899932861328, "KO": 79.84500122070312, "O": 60.94499969482422, "SO": 93.98999786376953, "MMM": 162.7100067138672, "VZ": 45.34000015258789, "HD": 328.8999938964844, "MRK": 115.08499908447266, "DUK": 124.41999816894531, "AMZN": 233.78500366210938, "PEP": 141.5449981689453, "ABBV": 231.69500732421875, "NFLX": 72.19000244140625, "WMT": 117.38999938964844, "BAC": 57.45500183105469, "MO": 69.5999984741211, "AVGO": 396.5801086425781}