{"MMM": 164.41000366210938, "UNH": 424.010009765625, "GOOGL": 342.1400146484375, "NFLX": 73.98899841308594, "COST": 953.260009765625, "BAC": 57.80009841918945, "AAPL": 281.05999755859375, "HD": 347.7799987792969, "MA": 500.17999267578125, "IBM": 270.1050109863281, "TSLA": 379.9599914550781, "JPM": 328.07501220703125, "NEE": 88.01499938964844, "PEP": 141.33999633789062, "V": 337.625, "MSFT": 370.9599914550781, "AVGO": 367.2650146484375, "CVX": 170.19000244140625, "NVDA": 193.8300018310547, "META": 550.3800048828125, "JNJ": 253.77000427246094, "AMZN": 228.89500427246094, "PG": 149.05999755859375, "SO": 97.0250015258789, "VZ": 46.39500045776367, "PM": 180.97000122070312, "MO": 73.31500244140625, "MRK": 127.28500366210938, "WMT": 116.77999877929688, "DOW": 28.860000610351562, "DUK": 128.10000610351562, "T": 22.545000076293945, "KO": 82.32499694824219, "ABBV": 245.01499938964844, "O": 63.165000915527344, "XOM": 136.14999389648438}