{"COST": 1012.0999755859375, "WMT": 130.16000366210938, "PG": 144.02999877929688, "ABBV": 207.26010131835938, "AAPL": 277.1199951171875, "PM": 169.1199951171875, "MMM": 142.90499877929688, "IBM": 228.94500732421875, "MO": 73.23500061035156, "XOM": 153.625, "O": 63.435001373291016, "DOW": 40.41999816894531, "META": 613.7100219726562, "NFLX": 91.2300033569336, "GOOGL": 384.4953918457031, "BAC": 52.474998474121094, "JPM": 308.82000732421875, "MSFT": 415.32501220703125, "T": 25.905000686645508, "SO": 95.98999786376953, "PEP": 154.58999633789062, "AVGO": 412.67498779296875, "HD": 314.4049987792969, "JNJ": 224.9199981689453, "VZ": 47.415000915527344, "V": 327.79998779296875, "DUK": 127.36750030517578, "MRK": 113.61000061035156, "UNH": 368.6050109863281, "NVDA": 198.99000549316406, "CVX": 192.36500549316406, "TSLA": 392.5101013183594, "NEE": 95.46499633789062, "KO": 78.36499786376953, "AMZN": 271.8800048828125, "MA": 505.30999755859375}