{"O": 62.349998474121094, "UNH": 384.44000244140625, "VZ": 47.22999954223633, "SO": 93.0999984741211, "AMZN": 268.989990234375, "BAC": 50.540000915527344, "AAPL": 292.739990234375, "MO": 68.62000274658203, "MRK": 111.29000091552734, "MA": 497.9700012207031, "T": 24.8799991607666, "MMM": 143.35000610351562, "PM": 182.1199951171875, "XOM": 149.67999267578125, "META": 598.8499755859375, "CVX": 184.77000427246094, "DOW": 38.7599983215332, "NEE": 94.86000061035156, "TSLA": 445.0299987792969, "WMT": 127.58499908447266, "JNJ": 221.44000244140625, "JPM": 299.94000244140625, "KO": 78.69000244140625, "IBM": 223.57000732421875, "COST": 999.2999877929688, "NVDA": 219.47999572753906, "DUK": 124.9000015258789, "AVGO": 428.4700012207031, "GOOGL": 388.6400146484375, "PG": 143.3800048828125, "HD": 311.3999938964844, "PEP": 149.39999389648438, "MSFT": 412.67999267578125, "V": 323.8699951171875, "ABBV": 202.82000732421875, "NFLX": 85.44999694824219}