{"PM": 189.8300018310547, "SO": 96.05000305175781, "AAPL": 333.2699890136719, "WMT": 114.91999816894531, "AVGO": 374.4599914550781, "JNJ": 249.5850067138672, "CVX": 183.8800048828125, "PG": 151.5, "TSLA": 391.1000061035156, "PEP": 139.41000366210938, "MSFT": 401.1199951171875, "MA": 551.530029296875, "HD": 347.8500061035156, "VZ": 43.869998931884766, "BAC": 61.505001068115234, "MO": 73.02999877929688, "O": 65.75, "AMZN": 249.89999389648438, "COST": 945.3599853515625, "NEE": 89.3499984741211, "NVDA": 207.47000122070312, "T": 21.9950008392334, "ABBV": 254.3699951171875, "JPM": 343.0799865722656, "GOOGL": 354.2900085449219, "V": 364.8999938964844, "XOM": 145.97000122070312, "DUK": 126.05000305175781, "IBM": 219.24000549316406, "NFLX": 74.58499908447266, "MRK": 127.67500305175781, "UNH": 423.5400085449219, "KO": 84.93000030517578, "MMM": 161.75999450683594, "DOW": 29.30500030517578, "META": 664.5399780273438}