{"MRK": 111.4000015258789, "TSLA": 422.1300048828125, "UNH": 393.82000732421875, "V": 325.75, "PG": 141.6199951171875, "NFLX": 87.04000091552734, "PEP": 149.1300048828125, "NEE": 93.37000274658203, "ABBV": 210.3699951171875, "AAPL": 300.2200012207031, "COST": 1049.5, "AMZN": 264.2099914550781, "T": 24.045000076293945, "WMT": 131.50999450683594, "DUK": 120.97000122070312, "O": 61.13999938964844, "MSFT": 422.0400085449219, "PM": 189.67999267578125, "NVDA": 225.22999572753906, "AVGO": 425.75, "GOOGL": 396.7900085449219, "JNJ": 226.73500061035156, "DOW": 38.7400016784668, "IBM": 219.32000732421875, "MMM": 146.22000122070312, "META": 614.4500122070312, "XOM": 157.92999267578125, "SO": 92.56999969482422, "VZ": 46.38999938964844, "KO": 80.82499694824219, "BAC": 49.76499938964844, "JPM": 297.864990234375, "MO": 73.0999984741211, "HD": 297.5299987792969, "CVX": 191.08999633789062, "MA": 494.4200134277344}