{"NFLX": 67.35009765625, "MO": 74.2750015258789, "META": 648.0, "UNH": 423.760009765625, "DOW": 30.354999542236328, "CVX": 190.21499633789062, "KO": 81.625, "NEE": 88.00499725341797, "DUK": 125.80500030517578, "BAC": 60.78499984741211, "ABBV": 253.51499938964844, "PG": 148.8000030517578, "WMT": 112.37000274658203, "PEP": 134.82000732421875, "AVGO": 380.5, "MMM": 160.72000122070312, "AMZN": 250.1282958984375, "VZ": 43.529998779296875, "NVDA": 204.17999267578125, "MA": 545.7899780273438, "PM": 192.61000061035156, "O": 65.22000122070312, "HD": 332.3900146484375, "SO": 94.76000213623047, "AAPL": 325.8349914550781, "TSLA": 372.42999267578125, "IBM": 215.52000427246094, "MRK": 124.87000274658203, "V": 361.8500061035156, "JNJ": 249.4199981689453, "MSFT": 401.8301086425781, "JPM": 339.25, "GOOGL": 351.82000732421875, "XOM": 148.82510375976562, "COST": 933.780029296875, "T": 21.983699798583984}