{"NVDA": 204.6699981689453, "JNJ": 238.32000732421875, "HD": 326.0299987792969, "PM": 180.75, "MO": 71.4000015258789, "GOOGL": 357.6600036621094, "IBM": 274.6570129394531, "COST": 975.1300048828125, "ABBV": 224.75999450683594, "MMM": 157.89999389648438, "MSFT": 390.0299987792969, "META": 568.3900146484375, "BAC": 55.1349983215332, "TSLA": 399.0, "KO": 82.52999877929688, "JPM": 313.42999267578125, "UNH": 405.32000732421875, "XOM": 146.55499267578125, "PG": 148.32000732421875, "AVGO": 385.1400146484375, "AAPL": 295.3599853515625, "NEE": 84.83000183105469, "DUK": 124.18499755859375, "NFLX": 81.26000213623047, "DOW": 33.630001068115234, "MA": 486.3900146484375, "V": 319.05999755859375, "WMT": 120.43499755859375, "AMZN": 241.2899932861328, "O": 61.90999984741211, "MRK": 120.75, "PEP": 143.69000244140625, "VZ": 46.93000030517578, "T": 23.010000228881836, "SO": 93.2699966430664, "CVX": 185.77999877929688}