{"AAPL": 308.3800048828125, "PG": 143.0399932861328, "VZ": 48.505001068115234, "DUK": 125.0, "HD": 310.57000732421875, "IBM": 250.92999267578125, "SO": 94.0999984741211, "UNH": 377.04998779296875, "PEP": 145.67999267578125, "O": 62.45500183105469, "MSFT": 416.1499938964844, "JPM": 306.82000732421875, "META": 612.3400268554688, "BAC": 52.22999954223633, "AMZN": 265.30999755859375, "TSLA": 433.56500244140625, "DOW": 35.30500030517578, "T": 25.030000686645508, "GOOGL": 388.9601135253906, "V": 326.6199951171875, "MA": 493.17999267578125, "MO": 72.4000015258789, "NEE": 87.6449966430664, "MRK": 119.75, "COST": 1002.9000244140625, "MMM": 154.0800018310547, "WMT": 118.57499694824219, "AVGO": 421.7699890136719, "NVDA": 214.8300018310547, "JNJ": 230.30999755859375, "NFLX": 87.68000030517578, "KO": 80.5199966430664, "XOM": 149.86000061035156, "PM": 181.69500732421875, "ABBV": 213.1199951171875, "CVX": 184.72000122070312}