{"NEE": 85.51499938964844, "AMZN": 253.4199981689453, "AAPL": 311.4750061035156, "DOW": 33.810001373291016, "MA": 490.5899963378906, "SO": 93.0199966430664, "PM": 178.97000122070312, "MSFT": 419.79998779296875, "DUK": 124.20500183105469, "MRK": 122.40499877929688, "MO": 72.47100067138672, "NVDA": 207.6501007080078, "VZ": 45.439998626708984, "META": 608.1901245117188, "JPM": 312.06500244140625, "V": 323.625, "CVX": 187.88999938964844, "NFLX": 81.34500122070312, "BAC": 53.595001220703125, "PEP": 143.35000610351562, "T": 22.735000610351562, "HD": 310.17498779296875, "ABBV": 229.16000366210938, "JNJ": 234.0800018310547, "PG": 146.8800048828125, "UNH": 402.07000732421875, "XOM": 150.45010375976562, "GOOGL": 368.739990234375, "COST": 982.77001953125, "TSLA": 395.2200012207031, "IBM": 283.3399963378906, "WMT": 120.19000244140625, "AVGO": 395.32000732421875, "KO": 79.9749984741211, "MMM": 152.92739868164062, "O": 61.14500045776367}