{"NEE": 87.94000244140625, "WMT": 112.65499877929688, "XOM": 148.41000366210938, "NVDA": 205.08999633789062, "O": 65.04000091552734, "V": 361.54998779296875, "GOOGL": 355.60009765625, "ABBV": 253.0800018310547, "DUK": 125.06999969482422, "TSLA": 374.8500061035156, "AAPL": 324.5450134277344, "COST": 936.614990234375, "NFLX": 67.87999725341797, "HD": 334.2300109863281, "T": 21.844999313354492, "CVX": 189.59500122070312, "JPM": 340.57049560546875, "BAC": 60.779998779296875, "JNJ": 250.6999969482422, "MRK": 125.42749786376953, "VZ": 43.399200439453125, "PM": 191.49000549316406, "AMZN": 252.7449951171875, "UNH": 420.95001220703125, "IBM": 216.0449981689453, "KO": 81.43000030517578, "AVGO": 382.8883972167969, "MSFT": 402.7193908691406, "MA": 546.2100219726562, "PEP": 134.64500427246094, "MMM": 160.6649932861328, "DOW": 30.270000457763672, "PG": 148.97999572753906, "MO": 73.86000061035156, "SO": 94.63999938964844, "META": 652.1400146484375}