{"BAC": 59.150001525878906, "HD": 338.989990234375, "PG": 147.4199981689453, "MRK": 123.56999969482422, "VZ": 42.654998779296875, "NEE": 88.125, "JPM": 333.17498779296875, "AVGO": 391.1000061035156, "MSFT": 390.6400146484375, "XOM": 143.14999389648438, "META": 662.780029296875, "TSLA": 397.42999267578125, "V": 354.2200012207031, "MO": 71.75, "AAPL": 316.6054992675781, "SO": 96.0199966430664, "PEP": 138.6300048828125, "GOOGL": 355.05999755859375, "MA": 534.4500122070312, "UNH": 428.93499755859375, "CVX": 180.0, "WMT": 114.08999633789062, "DOW": 29.854999542236328, "MMM": 157.63999938964844, "DUK": 126.0999984741211, "ABBV": 246.35000610351562, "NFLX": 74.72000122070312, "O": 63.834999084472656, "JNJ": 257.8500061035156, "COST": 921.2999877929688, "KO": 83.76000213623047, "AMZN": 248.94000244140625, "T": 21.415000915527344, "NVDA": 207.52999877929688, "IBM": 293.5000915527344, "PM": 180.22000122070312}