{"PEP": 140.66000366210938, "META": 563.8499755859375, "PM": 173.1699981689453, "UNH": 406.5299987792969, "MA": 484.30999755859375, "VZ": 45.349998474121094, "AAPL": 296.7900085449219, "PG": 147.6999969482422, "SO": 93.43000030517578, "BAC": 57.369998931884766, "MO": 69.5199966430664, "XOM": 138.4600067138672, "NFLX": 72.87999725341797, "NVDA": 208.55999755859375, "JNJ": 231.27000427246094, "KO": 79.55000305175781, "HD": 326.6300048828125, "MRK": 115.47000122070312, "DUK": 123.52999877929688, "TSLA": 405.0400085449219, "JPM": 331.8500061035156, "DOW": 30.790000915527344, "MSFT": 367.17999267578125, "COST": 950.9849853515625, "AMZN": 232.7899932861328, "V": 327.5, "NEE": 86.08999633789062, "GOOGL": 349.489990234375, "IBM": 252.4600067138672, "AVGO": 392.0400085449219, "O": 60.560001373291016, "CVX": 175.07000732421875, "WMT": 117.12000274658203, "T": 22.09000015258789, "ABBV": 229.9600067138672, "MMM": 163.24000549316406}