{"V": 326.4700012207031, "BAC": 51.61000061035156, "MSFT": 448.6400146484375, "MRK": 118.73999786376953, "AMZN": 270.6499938964844, "IBM": 298.0, "JPM": 299.3999938964844, "XOM": 145.3699951171875, "T": 24.799999237060547, "NEE": 86.98999786376953, "CVX": 182.4600067138672, "WMT": 115.70999908447266, "NFLX": 86.0199966430664, "KO": 79.0199966430664, "PG": 143.57000732421875, "VZ": 47.83000183105469, "HD": 317.1400146484375, "AAPL": 312.07000732421875, "AVGO": 447.2099914550781, "DUK": 122.72000122070312, "SO": 92.0199966430664, "TSLA": 435.55999755859375, "GOOGL": 380.3900146484375, "META": 632.52001953125, "O": 61.279998779296875, "PM": 177.38999938964844, "UNH": 380.2799987792969, "PEP": 144.1699981689453, "NVDA": 211.14999389648438, "ABBV": 217.60000610351562, "JNJ": 225.24000549316406, "MA": 493.9800109863281, "MMM": 153.1699981689453, "DOW": 33.77000045776367, "COST": 956.0700073242188}