{"ABBV": 212.6300048828125, "PG": 142.91000366210938, "XOM": 149.52000427246094, "WMT": 118.06999969482422, "UNH": 379.2650146484375, "SO": 94.19539642333984, "AAPL": 308.875, "META": 609.5650024414062, "VZ": 48.459999084472656, "PEP": 146.1750030517578, "MO": 72.30999755859375, "CVX": 184.0399932861328, "DUK": 125.54000091552734, "DOW": 35.04999923706055, "V": 326.2799987792969, "NEE": 87.79000091552734, "GOOGL": 386.5299987792969, "IBM": 250.14999389648438, "KO": 80.55000305175781, "MSFT": 414.8599853515625, "NVDA": 213.61990356445312, "PM": 181.49000549316406, "AVGO": 422.0299987792969, "MRK": 120.44999694824219, "MA": 493.9599914550781, "JNJ": 230.75999450683594, "JPM": 305.739990234375, "MMM": 153.84979248046875, "TSLA": 431.5199890136719, "BAC": 52.064998626708984, "O": 62.404998779296875, "COST": 1001.6500244140625, "NFLX": 87.66500091552734, "HD": 309.8399963378906, "AMZN": 262.9700012207031}