{"PEP": 138.4499969482422, "KO": 84.20999908447266, "IBM": 290.375, "SO": 96.54000091552734, "O": 63.904998779296875, "AAPL": 316.4750061035156, "META": 661.25, "DUK": 126.86000061035156, "VZ": 42.48500061035156, "MA": 539.3499755859375, "T": 21.389999389648438, "AMZN": 248.58999633789062, "NEE": 88.48500061035156, "HD": 337.5899963378906, "ABBV": 246.8300018310547, "WMT": 114.55500030517578, "DOW": 29.90999984741211, "NFLX": 74.42500305175781, "MO": 72.33999633789062, "TSLA": 394.1098937988281, "XOM": 144.31500244140625, "BAC": 59.30500030517578, "PG": 147.72999572753906, "NVDA": 204.26499938964844, "MSFT": 392.44049072265625, "CVX": 181.39999389648438, "JNJ": 257.6600036621094, "MMM": 157.60000610351562, "UNH": 429.0, "V": 358.4750061035156, "MRK": 123.58000183105469, "GOOGL": 355.29998779296875, "JPM": 334.5350036621094, "PM": 182.35499572753906, "COST": 922.719970703125, "AVGO": 387.0899963378906}