{"AAPL": 332.20989990234375, "DUK": 125.77999877929688, "AMZN": 249.41000366210938, "PG": 151.0500030517578, "MRK": 127.45999908447266, "META": 661.4099731445312, "XOM": 145.9600067138672, "MA": 549.280029296875, "O": 65.63999938964844, "BAC": 61.45000076293945, "NFLX": 73.68000030517578, "GOOGL": 353.3500061035156, "VZ": 43.935001373291016, "NEE": 89.375, "ABBV": 253.77999877929688, "HD": 346.3999938964844, "CVX": 183.6199951171875, "DOW": 29.25, "JPM": 342.0299987792969, "IBM": 218.1999969482422, "V": 363.67498779296875, "JNJ": 250.05999755859375, "MO": 72.8499984741211, "PEP": 139.35000610351562, "PM": 188.72000122070312, "NVDA": 206.06500244140625, "UNH": 424.5299987792969, "COST": 942.5999755859375, "T": 22.030099868774414, "AVGO": 372.5851135253906, "TSLA": 389.7699890136719, "MMM": 161.97500610351562, "MSFT": 399.7799987792969, "KO": 84.7750015258789, "WMT": 114.87999725341797, "SO": 95.94999694824219}