{"BAC": 58.505001068115234, "DOW": 29.415000915527344, "JNJ": 265.7349853515625, "KO": 84.0, "T": 21.264999389648438, "AMZN": 241.9499969482422, "MO": 73.12000274658203, "AAPL": 314.3999938964844, "WMT": 112.9800033569336, "PM": 187.5050048828125, "GOOGL": 359.5899963378906, "PEP": 143.9949951171875, "CVX": 175.875, "NEE": 87.7699966430664, "JPM": 332.9150085449219, "O": 63.43000030517578, "PG": 149.0800018310547, "UNH": 426.364990234375, "MRK": 126.4800033569336, "ABBV": 254.07000732421875, "XOM": 140.72500610351562, "SO": 96.6500015258789, "TSLA": 392.9700012207031, "DUK": 127.11499786376953, "META": 605.4000244140625, "MA": 518.9299926757812, "COST": 955.1599731445312, "NFLX": 76.28500366210938, "VZ": 42.869998931884766, "AVGO": 389.94000244140625, "MMM": 155.44000244140625, "NVDA": 202.15040588378906, "MSFT": 383.92401123046875, "IBM": 301.9049987792969, "HD": 336.6099853515625, "V": 347.885009765625}