{"MSFT": 423.6600036621094, "UNH": 391.1199951171875, "T": 24.440000534057617, "AVGO": 420.69000244140625, "AAPL": 297.8999938964844, "JNJ": 229.02000427246094, "NFLX": 89.68000030517578, "MRK": 112.55999755859375, "NVDA": 222.35000610351562, "BAC": 50.71500015258789, "KO": 81.22000122070312, "WMT": 133.36000061035156, "SO": 93.72000122070312, "COST": 1076.9300537109375, "PM": 191.49000549316406, "MO": 73.7300033569336, "META": 611.3300170898438, "HD": 300.0400085449219, "DUK": 122.8550033569336, "IBM": 222.75, "VZ": 46.82500076293945, "XOM": 160.47999572753906, "V": 332.7099914550781, "ABBV": 209.4600067138672, "O": 61.709999084472656, "DOW": 38.54999923706055, "MMM": 152.51499938964844, "CVX": 196.14999389648438, "JPM": 300.7749938964844, "NEE": 89.06500244140625, "PG": 142.3699951171875, "TSLA": 410.07000732421875, "AMZN": 264.9200134277344, "MA": 505.8599853515625, "GOOGL": 396.9599914550781, "PEP": 149.0500030517578}