{"XOM": 136.16000366210938, "IBM": 287.44000244140625, "AMZN": 242.69000244140625, "DOW": 27.06999969482422, "UNH": 427.07000732421875, "MA": 524.510009765625, "MO": 71.5, "MMM": 160.9949951171875, "PM": 178.3699951171875, "GOOGL": 360.2799987792969, "DUK": 125.49250030517578, "PEP": 140.67999267578125, "WMT": 108.58000183105469, "NFLX": 74.09500122070312, "MRK": 124.93000030517578, "NVDA": 199.47999572753906, "AAPL": 294.54998779296875, "V": 350.4100036621094, "JNJ": 253.2949981689453, "TSLA": 426.25, "KO": 81.060302734375, "O": 62.31999969482422, "JPM": 333.2799987792969, "BAC": 58.375, "VZ": 41.595001220703125, "META": 615.4400024414062, "COST": 924.9500122070312, "T": 20.375, "HD": 352.3349914550781, "ABBV": 250.7675018310547, "AVGO": 371.31500244140625, "SO": 95.19999694824219, "NEE": 86.56999969482422, "MSFT": 386.2099914550781, "CVX": 165.82000732421875}