{"ABBV": 202.82000732421875, "MMM": 143.35000610351562, "UNH": 384.44000244140625, "NVDA": 219.47999572753906, "AAPL": 292.739990234375, "META": 598.8499755859375, "JNJ": 221.44000244140625, "IBM": 223.57000732421875, "O": 62.349998474121094, "GOOGL": 388.6400146484375, "MSFT": 412.67999267578125, "AMZN": 268.989990234375, "MRK": 111.29000091552734, "DOW": 38.7599983215332, "BAC": 50.540000915527344, "AVGO": 428.4700012207031, "MA": 497.9700012207031, "PM": 182.1199951171875, "JPM": 299.94000244140625, "SO": 93.0999984741211, "MO": 68.62000274658203, "KO": 78.69000244140625, "XOM": 149.67999267578125, "NFLX": 85.44999694824219, "T": 24.8799991607666, "DUK": 124.9000015258789, "NEE": 94.86000061035156, "WMT": 127.58499908447266, "COST": 999.2999877929688, "V": 323.8699951171875, "HD": 311.3999938964844, "CVX": 184.77000427246094, "TSLA": 445.0299987792969, "PG": 143.3800048828125, "PEP": 149.39999389648438, "VZ": 47.22999954223633}