{"AAPL": 312.07000732421875, "XOM": 145.3699951171875, "MRK": 118.73999786376953, "AVGO": 447.2099914550781, "DUK": 122.72000122070312, "META": 632.52001953125, "UNH": 380.2799987792969, "NEE": 86.98999786376953, "ABBV": 217.60000610351562, "JPM": 299.3999938964844, "NVDA": 211.14999389648438, "BAC": 51.61000061035156, "PG": 143.57000732421875, "AMZN": 270.6499938964844, "MA": 493.9800109863281, "SO": 92.0199966430664, "KO": 79.0199966430664, "IBM": 298.0, "MMM": 153.1699981689453, "GOOGL": 380.3900146484375, "HD": 317.1400146484375, "COST": 956.0700073242188, "PM": 177.38999938964844, "VZ": 47.83000183105469, "MO": 69.58999633789062, "JNJ": 225.24000549316406, "PEP": 144.1699981689453, "O": 61.279998779296875, "TSLA": 435.55999755859375, "MSFT": 448.6400146484375, "CVX": 182.4600067138672, "DOW": 33.77000045776367, "T": 24.799999237060547, "WMT": 115.70999908447266, "V": 326.4700012207031, "NFLX": 86.0199966430664}