{"T": 21.42970085144043, "DOW": 29.34000015258789, "GOOGL": 371.9849853515625, "CVX": 179.4199981689453, "TSLA": 393.80999755859375, "MA": 539.3599853515625, "MMM": 159.14999389648438, "V": 358.7699890136719, "UNH": 421.9775085449219, "PEP": 135.9149932861328, "ABBV": 247.38250732421875, "WMT": 114.375, "MSFT": 397.7349853515625, "AMZN": 255.6999969482422, "IBM": 214.75999450683594, "AAPL": 326.760009765625, "SO": 95.67500305175781, "BAC": 61.779998779296875, "MO": 71.08999633789062, "NEE": 88.93000030517578, "MRK": 123.45999908447266, "KO": 83.00330352783203, "JPM": 349.4200134277344, "JNJ": 251.02999877929688, "PG": 147.36500549316406, "HD": 342.7950134277344, "COST": 924.4349975585938, "XOM": 143.1300048828125, "AVGO": 388.4299011230469, "NFLX": 74.24500274658203, "PM": 178.7100067138672, "META": 682.1900024414062, "DUK": 125.80000305175781, "VZ": 42.96500015258789, "O": 63.880001068115234, "NVDA": 207.0299072265625}