{"WMT": 114.48999786376953, "O": 62.54499816894531, "VZ": 43.6150016784668, "COST": 944.8300170898438, "XOM": 136.88999938964844, "META": 565.5150146484375, "AVGO": 374.6099853515625, "JNJ": 257.20001220703125, "DUK": 128.02000427246094, "MMM": 163.4199981689453, "PEP": 137.9199981689453, "MSFT": 368.2698974609375, "ABBV": 255.6999969482422, "MO": 73.4292984008789, "DOW": 27.879899978637695, "HD": 348.760009765625, "CVX": 169.8800048828125, "JPM": 331.5, "SO": 96.6500015258789, "UNH": 418.4700012207031, "PM": 180.46499633789062, "KO": 82.36499786376953, "BAC": 58.1349983215332, "AAPL": 281.6300048828125, "PG": 147.4600067138672, "GOOGL": 352.8699951171875, "AMZN": 240.34249877929688, "T": 21.70009994506836, "TSLA": 409.2349853515625, "MRK": 129.1300048828125, "MA": 511.7607116699219, "NEE": 88.0999984741211, "NFLX": 74.19999694824219, "NVDA": 193.83999633789062, "IBM": 277.0, "V": 341.93011474609375}