{"JPM": 305.3399963378906, "AMZN": 264.6400146484375, "MO": 70.36000061035156, "CVX": 186.42999267578125, "AAPL": 294.489990234375, "WMT": 130.3000030517578, "TSLA": 432.010009765625, "NEE": 94.8499984741211, "HD": 311.31500244140625, "XOM": 151.40499877929688, "V": 327.2200012207031, "IBM": 219.77499389648438, "VZ": 48.095001220703125, "PEP": 151.86500549316406, "PG": 144.7100067138672, "NVDA": 220.69200134277344, "NFLX": 87.56500244140625, "PM": 189.39999389648438, "COST": 1020.969970703125, "MSFT": 408.2900085449219, "META": 601.0, "BAC": 50.90999984741211, "GOOGL": 385.79998779296875, "KO": 80.16500091552734, "T": 25.344999313354492, "DUK": 125.56500244140625, "AVGO": 415.6200866699219, "MA": 501.8599853515625, "O": 62.48500061035156, "MMM": 143.30999755859375, "MRK": 113.05000305175781, "UNH": 394.32000732421875, "DOW": 39.52000045776367, "ABBV": 207.90499877929688, "SO": 93.58999633789062, "JNJ": 225.4199981689453}