{"AAPL": 308.06500244140625, "AVGO": 358.9800109863281, "UNH": 424.5199890136719, "MRK": 128.17999267578125, "TSLA": 391.010009765625, "NFLX": 77.80500030517578, "MMM": 160.3800048828125, "JNJ": 261.260009765625, "WMT": 112.23500061035156, "COST": 948.8687133789062, "T": 20.163999557495117, "MA": 535.6900024414062, "PM": 180.6750030517578, "VZ": 41.244998931884766, "MSFT": 390.4100036621094, "BAC": 58.7599983215332, "META": 584.7949829101562, "MO": 72.31999969482422, "DUK": 128.07000732421875, "XOM": 137.1199951171875, "DOW": 27.780000686645508, "NEE": 87.16999816894531, "JPM": 334.7200012207031, "ABBV": 259.7300109863281, "PEP": 144.0399932861328, "KO": 83.1449966430664, "HD": 355.1549987792969, "SO": 97.11499786376953, "PG": 151.08999633789062, "GOOGL": 353.9100036621094, "NVDA": 193.46719360351562, "AMZN": 244.5950927734375, "O": 63.349998474121094, "IBM": 287.34381103515625, "CVX": 168.27000427246094, "V": 358.9649963378906}