{"COST": 1014.27001953125, "MA": 502.8800048828125, "NVDA": 199.52999877929688, "PM": 165.10000610351562, "SO": 96.69999694824219, "MMM": 146.5, "IBM": 230.97000122070312, "GOOGL": 385.1199951171875, "JPM": 313.2699890136719, "AVGO": 417.44000244140625, "NFLX": 93.55000305175781, "AAPL": 271.3599853515625, "JNJ": 229.86000061035156, "UNH": 370.489990234375, "PG": 147.13999938964844, "DUK": 129.5399932861328, "O": 64.2300033569336, "AMZN": 265.0299987792969, "MSFT": 407.7799987792969, "MRK": 109.16999816894531, "TSLA": 381.5299987792969, "NEE": 97.875, "PEP": 158.4499969482422, "XOM": 154.38999938964844, "CVX": 193.33999633789062, "WMT": 131.89999389648438, "ABBV": 211.3300018310547, "V": 330.0400085449219, "VZ": 48.00699996948242, "MO": 72.6500015258789, "DOW": 40.494998931884766, "T": 26.149999618530273, "META": 611.4000244140625, "HD": 328.80999755859375, "BAC": 53.47999954223633, "KO": 78.7699966430664}