{"COST": 1018.0, "BAC": 53.595001220703125, "WMT": 132.1199951171875, "MSFT": 414.2200012207031, "UNH": 370.0249938964844, "KO": 78.63999938964844, "GOOGL": 384.385009765625, "T": 26.290000915527344, "V": 333.7349853515625, "AAPL": 284.05999755859375, "MA": 497.25, "TSLA": 393.5, "JPM": 313.5950012207031, "PEP": 158.4250030517578, "PG": 148.05999755859375, "DUK": 130.10000610351562, "MMM": 144.63499450683594, "IBM": 232.77499389648438, "DOW": 40.59000015258789, "NVDA": 198.875, "CVX": 190.21499633789062, "MRK": 112.7249984741211, "MO": 73.36000061035156, "META": 611.0599975585938, "O": 63.92499923706055, "HD": 325.0299987792969, "ABBV": 207.88499450683594, "PM": 166.60499572753906, "NFLX": 93.625, "XOM": 152.38499450683594, "AMZN": 269.7049865722656, "JNJ": 228.02499389648438, "NEE": 98.16000366210938, "VZ": 47.880001068115234, "SO": 96.91500091552734}