{"DUK": 125.0999984741211, "T": 22.934999465942383, "BAC": 57.8849983215332, "JNJ": 238.5800018310547, "PM": 178.3800048828125, "AAPL": 296.0906982421875, "AVGO": 381.6571044921875, "UNH": 407.6000061035156, "XOM": 140.02499389648438, "AMZN": 234.5800018310547, "CVX": 175.86000061035156, "DOW": 30.329999923706055, "TSLA": 381.8699951171875, "ABBV": 233.99000549316406, "V": 328.4700012207031, "O": 61.564998626708984, "MRK": 118.8949966430664, "MSFT": 374.05999755859375, "PG": 151.1649932861328, "VZ": 46.73500061035156, "MO": 71.47000122070312, "NEE": 86.42500305175781, "PEP": 142.0800018310547, "KO": 80.30000305175781, "WMT": 119.44999694824219, "NFLX": 72.91500091552734, "NVDA": 201.25, "HD": 325.3349914550781, "GOOGL": 347.0, "MA": 488.3699951171875, "MMM": 161.875, "IBM": 263.25, "SO": 94.68000030517578, "COST": 958.0150146484375, "JPM": 334.30999755859375, "META": 563.5}