{"BAC": 50.875, "MSFT": 417.239990234375, "UNH": 385.8800048828125, "IBM": 243.3300018310547, "ABBV": 214.34500122070312, "DOW": 36.36000061035156, "WMT": 121.20999908447266, "JPM": 301.340087890625, "PM": 188.52999877929688, "NVDA": 219.93980407714844, "TSLA": 417.6000061035156, "CVX": 192.07009887695312, "AAPL": 304.04998779296875, "AMZN": 265.7200012207031, "SO": 94.22000122070312, "PEP": 148.07000732421875, "VZ": 47.98500061035156, "MRK": 114.61000061035156, "GOOGL": 389.6600036621094, "DUK": 124.52999877929688, "MMM": 149.89999389648438, "META": 601.739990234375, "HD": 309.95001220703125, "V": 331.2900085449219, "T": 25.18589973449707, "XOM": 156.28500366210938, "COST": 1048.0400390625, "PG": 142.4149932861328, "NFLX": 89.33499908447266, "AVGO": 414.9949951171875, "MA": 498.510009765625, "MO": 73.96189880371094, "JNJ": 229.58999633789062, "KO": 81.3499984741211, "NEE": 89.33499908447266, "O": 62.09000015258789}