{"AAPL": 321.6099853515625, "COST": 925.77001953125, "MRK": 130.49000549316406, "TSLA": 319.4599914550781, "KO": 81.11000061035156, "O": 64.70999908447266, "NFLX": 68.86000061035156, "DOW": 30.889999389648438, "V": 351.5299987792969, "PEP": 134.9250030517578, "MMM": 169.5749969482422, "MA": 530.2899780273438, "JNJ": 259.2699890136719, "NEE": 89.80000305175781, "IBM": 206.5800018310547, "NVDA": 208.6999969482422, "WMT": 108.37999725341797, "PM": 191.07000732421875, "AMZN": 233.55999755859375, "DUK": 129.2550048828125, "VZ": 43.82500076293945, "META": 605.969970703125, "PG": 146.88999938964844, "HD": 324.6700134277344, "UNH": 423.5400085449219, "ABBV": 256.7900085449219, "SO": 96.5999984741211, "GOOGL": 317.6499938964844, "JPM": 349.760009765625, "AVGO": 392.79998779296875, "MO": 72.05000305175781, "CVX": 194.4199981689453, "MSFT": 381.42999267578125, "BAC": 61.29499816894531, "T": 22.940000534057617, "XOM": 156.86000061035156}