{"BAC": 58.07500076293945, "AAPL": 295.1600036621094, "KO": 81.66500091552734, "V": 349.68011474609375, "T": 20.670000076293945, "DUK": 125.79000091552734, "MO": 71.78500366210938, "IBM": 290.5050048828125, "PM": 177.2100067138672, "JPM": 333.114990234375, "XOM": 136.32000732421875, "AMZN": 242.82000732421875, "SO": 95.37999725341797, "UNH": 420.2550048828125, "WMT": 107.78500366210938, "META": 624.02001953125, "CVX": 166.05999755859375, "O": 62.02000045776367, "MMM": 161.6649932861328, "NEE": 86.63999938964844, "ABBV": 248.64500427246094, "AVGO": 372.25, "TSLA": 431.3734130859375, "NFLX": 73.08000183105469, "MSFT": 384.54998779296875, "NVDA": 197.02609252929688, "MA": 525.2050170898438, "PEP": 139.61500549316406, "DOW": 27.360000610351562, "MRK": 126.29000091552734, "VZ": 42.19499969482422, "GOOGL": 361.239990234375, "COST": 923.447509765625, "PG": 145.97999572753906, "HD": 354.9700012207031, "JNJ": 252.1649932861328}