{"BAC": 61.21500015258789, "AAPL": 327.5899963378906, "MSFT": 397.6400146484375, "NFLX": 68.62999725341797, "MA": 538.1500244140625, "DUK": 125.87999725341797, "COST": 928.989990234375, "MMM": 170.7050018310547, "MO": 73.0, "O": 64.98999786376953, "KO": 81.95500183105469, "VZ": 43.77000045776367, "WMT": 110.37000274658203, "GOOGL": 347.1099853515625, "PG": 148.13999938964844, "SO": 93.8499984741211, "JPM": 345.1600036621094, "AMZN": 247.50999450683594, "XOM": 151.72000122070312, "TSLA": 378.9198913574219, "JNJ": 250.64999389648438, "MRK": 126.2750015258789, "T": 22.274999618530273, "NEE": 87.8949966430664, "IBM": 210.5449981689453, "DOW": 30.46500015258789, "CVX": 191.05999755859375, "PEP": 134.99000549316406, "NVDA": 207.17999267578125, "META": 643.4400024414062, "UNH": 436.4700012207031, "PM": 188.08999633789062, "AVGO": 386.1300048828125, "HD": 331.6099853515625, "ABBV": 256.17999267578125, "V": 355.9599914550781}