{"MRK": 124.41000366210938, "V": 361.0400085449219, "MA": 547.5, "JPM": 338.8900146484375, "CVX": 189.6699981689453, "SO": 94.44999694824219, "VZ": 43.494998931884766, "GOOGL": 352.1000061035156, "HD": 333.1099853515625, "AVGO": 378.2099914550781, "WMT": 112.19999694824219, "AAPL": 326.70001220703125, "NVDA": 203.3800048828125, "NFLX": 67.57499694824219, "DUK": 125.875, "MMM": 159.32000732421875, "TSLA": 369.5899963378906, "XOM": 148.39999389648438, "MO": 74.66999816894531, "NEE": 88.0199966430664, "JNJ": 248.85000610351562, "BAC": 60.439998626708984, "O": 65.18000030517578, "COST": 935.780029296875, "META": 645.8599853515625, "PG": 149.13499450683594, "AMZN": 250.09500122070312, "PEP": 135.47000122070312, "IBM": 213.0, "T": 21.980100631713867, "UNH": 421.67999267578125, "ABBV": 253.4600067138672, "PM": 192.72500610351562, "DOW": 30.3799991607666, "KO": 82.11499786376953, "MSFT": 402.510009765625}