{"AVGO": 411.1099853515625, "O": 62.084999084472656, "HD": 302.4800109863281, "CVX": 197.3300018310547, "JNJ": 230.0399932861328, "VZ": 47.72999954223633, "MMM": 149.32000732421875, "PM": 191.5800018310547, "META": 602.75, "MSFT": 417.55999755859375, "WMT": 134.1999969482422, "PEP": 150.3300018310547, "T": 24.989999771118164, "DOW": 37.73500061035156, "SO": 94.18499755859375, "DUK": 124.55000305175781, "MA": 499.9800109863281, "V": 329.9200134277344, "GOOGL": 387.70001220703125, "BAC": 50.724998474121094, "XOM": 162.6300048828125, "KO": 81.93499755859375, "IBM": 222.27999877929688, "NFLX": 89.3499984741211, "TSLA": 404.1600036621094, "ABBV": 213.88999938964844, "MRK": 114.2699966430664, "NEE": 90.02999877929688, "UNH": 389.3599853515625, "JPM": 295.8699951171875, "MO": 74.04000091552734, "COST": 1094.9000244140625, "PG": 141.2949981689453, "AMZN": 259.4200134277344, "AAPL": 298.9800109863281, "NVDA": 220.6300048828125}