{"NFLX": 75.83999633789062, "O": 63.33000183105469, "META": 601.530029296875, "AMZN": 243.0399932861328, "UNH": 425.05499267578125, "XOM": 140.88999938964844, "BAC": 58.474998474121094, "ABBV": 252.4600067138672, "PG": 148.80499267578125, "T": 21.075000762939453, "VZ": 42.53499984741211, "SO": 96.36060333251953, "JNJ": 264.1050109863281, "HD": 336.70001220703125, "CVX": 175.75, "DUK": 126.75, "JPM": 331.0013122558594, "IBM": 302.54998779296875, "PEP": 143.4550018310547, "NEE": 87.4000015258789, "V": 348.7699890136719, "NVDA": 204.38999938964844, "TSLA": 395.8699951171875, "COST": 953.8099975585938, "MRK": 126.19000244140625, "GOOGL": 361.2900085449219, "MA": 520.780029296875, "KO": 83.69999694824219, "MSFT": 383.42999267578125, "MO": 72.88999938964844, "WMT": 112.9000015258789, "AVGO": 389.0450134277344, "AAPL": 313.3500061035156, "DOW": 29.135000228881836, "PM": 187.80499267578125, "MMM": 155.11000061035156}