{"NEE": 94.61000061035156, "V": 326.4775085449219, "AAPL": 294.8699951171875, "JNJ": 224.33999633789062, "JPM": 304.989990234375, "XOM": 150.66000366210938, "O": 62.529998779296875, "NVDA": 220.8699951171875, "SO": 93.51000213623047, "KO": 80.1050033569336, "UNH": 396.510009765625, "PM": 186.99000549316406, "GOOGL": 387.44000244140625, "AMZN": 265.8900146484375, "MA": 499.9849853515625, "DUK": 125.08000183105469, "AVGO": 419.4700012207031, "DOW": 39.43000030517578, "ABBV": 207.9499969482422, "MO": 69.88999938964844, "HD": 310.4599914550781, "PEP": 151.8800048828125, "MRK": 112.38999938964844, "MSFT": 407.760009765625, "COST": 1021.8900146484375, "NFLX": 87.68000030517578, "T": 25.239999771118164, "CVX": 185.97999572753906, "IBM": 219.27999877929688, "BAC": 50.79999923706055, "PG": 143.97000122070312, "MMM": 143.25999450683594, "WMT": 130.38999938964844, "TSLA": 433.45001220703125, "VZ": 47.939998626708984, "META": 603.1300048828125}