{"TSLA": 440.29998779296875, "AMZN": 271.8673095703125, "IBM": 255.3300018310547, "HD": 318.010009765625, "COST": 1003.7899780273438, "O": 62.20500183105469, "JNJ": 231.32000732421875, "DOW": 34.4900016784668, "MA": 495.489990234375, "JPM": 299.2699890136719, "NVDA": 212.5800018310547, "CVX": 182.39999389648438, "META": 635.2550048828125, "XOM": 148.0, "V": 327.6099853515625, "UNH": 384.0899963378906, "AAPL": 310.92999267578125, "NEE": 87.6449966430664, "NFLX": 87.33499908447266, "MO": 72.12999725341797, "WMT": 118.54499816894531, "T": 24.90999984741211, "MMM": 155.17999267578125, "PG": 147.52999877929688, "GOOGL": 388.864990234375, "SO": 93.7699966430664, "BAC": 51.099998474121094, "MRK": 120.25, "ABBV": 215.41000366210938, "DUK": 125.37999725341797, "PM": 182.02999877929688, "PEP": 147.74000549316406, "MSFT": 412.69000244140625, "AVGO": 421.94000244140625, "VZ": 48.2599983215332, "KO": 81.62000274658203}