{"IBM": 217.0800018310547, "JNJ": 253.86000061035156, "DUK": 126.37000274658203, "TSLA": 396.05999755859375, "BAC": 60.630001068115234, "T": 21.295000076293945, "HD": 337.92999267578125, "UNH": 425.2799987792969, "AAPL": 314.9200134277344, "GOOGL": 359.54998779296875, "MA": 538.219970703125, "META": 661.0800170898438, "WMT": 113.66500091552734, "XOM": 145.08999633789062, "AMZN": 247.5, "CVX": 181.76499938964844, "MO": 70.16999816894531, "MMM": 156.61000061035156, "PM": 176.1199951171875, "PEP": 135.4499969482422, "SO": 95.97000122070312, "DOW": 30.31999969482422, "KO": 83.08000183105469, "ABBV": 244.75, "NEE": 89.54000091552734, "COST": 921.739990234375, "VZ": 42.45500183105469, "NVDA": 211.8000030517578, "NFLX": 73.51499938964844, "O": 63.779998779296875, "V": 356.0299987792969, "JPM": 343.0400085449219, "MSFT": 384.95001220703125, "MRK": 120.80500030517578, "AVGO": 389.1400146484375, "PG": 146.10000610351562}