{"KO": 79.48500061035156, "IBM": 296.489990234375, "MMM": 153.25999450683594, "MO": 69.83999633789062, "XOM": 145.27000427246094, "BAC": 51.44499969482422, "PM": 177.4600067138672, "MRK": 119.38999938964844, "AVGO": 436.92999267578125, "CVX": 182.1009979248047, "PEP": 144.75999450683594, "PG": 144.05499267578125, "NFLX": 86.06999969482422, "DUK": 122.56999969482422, "GOOGL": 382.0299987792969, "O": 61.0, "SO": 91.69000244140625, "AAPL": 311.55999755859375, "META": 628.0499877929688, "COST": 951.7999877929688, "T": 24.68000030517578, "NEE": 86.30000305175781, "NVDA": 217.52999877929688, "VZ": 47.92499923706055, "DOW": 33.560001373291016, "AMZN": 270.29998779296875, "MSFT": 442.7099914550781, "JNJ": 225.5500030517578, "V": 329.6285095214844, "UNH": 381.0729064941406, "TSLA": 434.9949951171875, "MA": 495.5740051269531, "WMT": 115.66999816894531, "ABBV": 216.69500732421875, "HD": 318.0050048828125, "JPM": 297.4150085449219}