{"VZ": 42.9099006652832, "V": 351.9200134277344, "O": 64.50499725341797, "MRK": 129.3000030517578, "IBM": 309.3299865722656, "NVDA": 192.88999938964844, "KO": 84.75, "AAPL": 314.0899963378906, "NFLX": 76.79000091552734, "MO": 73.47000122070312, "DOW": 27.815000534057617, "ABBV": 257.5899963378906, "AVGO": 364.3550109863281, "CVX": 171.1699981689453, "XOM": 140.3000030517578, "TSLA": 404.7749938964844, "JPM": 339.32000732421875, "GOOGL": 368.4949951171875, "PM": 187.63499450683594, "SO": 98.0999984741211, "WMT": 112.08999633789062, "PG": 152.3000030517578, "PEP": 146.86000061035156, "MMM": 156.8800048828125, "UNH": 425.9800109863281, "JNJ": 268.9049987792969, "DUK": 129.22999572753906, "HD": 346.5899963378906, "T": 20.975000381469727, "META": 604.9849853515625, "AMZN": 242.7899932861328, "MA": 537.0900268554688, "MSFT": 392.6650085449219, "BAC": 60.2400016784668, "NEE": 88.48999786376953, "COST": 952.0302734375}