{"META": 664.2100830078125, "DOW": 28.959999084472656, "T": 21.173099517822266, "MRK": 123.26499938964844, "IBM": 289.8599853515625, "CVX": 174.5800018310547, "XOM": 137.9199981689453, "DUK": 125.08499908447266, "HD": 342.8407897949219, "WMT": 113.79000091552734, "NEE": 87.44999694824219, "PG": 147.5, "AVGO": 400.7279968261719, "PEP": 136.77000427246094, "ABBV": 246.32000732421875, "MSFT": 385.25, "TSLA": 409.20001220703125, "NFLX": 72.8949966430664, "MMM": 158.05999755859375, "BAC": 59.755001068115234, "JNJ": 256.3299865722656, "MA": 520.8300170898438, "PM": 180.77999877929688, "COST": 915.0449829101562, "GOOGL": 354.8200988769531, "V": 345.9234924316406, "O": 62.869998931884766, "NVDA": 209.9600067138672, "AAPL": 314.260009765625, "MO": 71.45999908447266, "UNH": 424.6000061035156, "KO": 83.48999786376953, "SO": 95.34500122070312, "AMZN": 245.4600067138672, "JPM": 336.68499755859375, "VZ": 42.21500015258789}