{"UNH": 435.94000244140625, "GOOGL": 370.3949890136719, "DOW": 29.732200622558594, "CVX": 184.6699981689453, "JNJ": 249.47000122070312, "ABBV": 251.25, "JPM": 344.8699951171875, "SO": 95.52999877929688, "MMM": 162.28500366210938, "TSLA": 389.6000061035156, "MRK": 128.02999877929688, "MO": 71.9000015258789, "PEP": 138.375, "MA": 547.3200073242188, "AMZN": 256.010009765625, "V": 361.2149963378906, "AAPL": 331.4200134277344, "NEE": 89.2699966430664, "VZ": 43.96500015258789, "IBM": 213.35000610351562, "COST": 935.52001953125, "META": 672.0750122070312, "WMT": 114.55999755859375, "DUK": 125.78140258789062, "O": 65.08999633789062, "NVDA": 207.10000610351562, "MSFT": 399.7300109863281, "AVGO": 380.32000732421875, "NFLX": 73.59500122070312, "PG": 150.22999572753906, "BAC": 61.439998626708984, "HD": 347.2601013183594, "XOM": 146.63999938964844, "PM": 185.86000061035156, "KO": 84.30000305175781, "T": 21.934999465942383}