{"MMM": 153.8800048828125, "AAPL": 301.57000732421875, "BAC": 53.60499954223633, "PEP": 140.64999389648438, "AVGO": 396.7049865722656, "JPM": 311.1300048828125, "T": 22.510000228881836, "MA": 485.6300048828125, "PM": 176.0399932861328, "VZ": 45.43000030517578, "NVDA": 208.61000061035156, "CVX": 189.22000122070312, "TSLA": 409.010009765625, "ABBV": 223.02000427246094, "META": 585.3350219726562, "COST": 974.5900268554688, "HD": 309.7799987792969, "IBM": 280.8900146484375, "PG": 145.10000610351562, "SO": 91.27999877929688, "UNH": 406.70001220703125, "DUK": 122.04000091552734, "XOM": 151.75, "MRK": 119.5, "V": 319.739990234375, "GOOGL": 363.3299865722656, "NFLX": 82.62999725341797, "O": 60.0, "NEE": 84.0250015258789, "WMT": 119.80999755859375, "DOW": 34.20500183105469, "JNJ": 232.1300048828125, "MO": 71.27999877929688, "AMZN": 245.2100067138672, "MSFT": 411.739990234375, "KO": 79.53500366210938}