{"MSFT": 418.5799865722656, "JPM": 306.3699951171875, "UNH": 388.5799865722656, "WMT": 120.26000213623047, "NFLX": 88.5999984741211, "VZ": 48.36000061035156, "HD": 312.9849853515625, "AAPL": 308.8800048828125, "XOM": 154.86500549316406, "BAC": 51.79999923706055, "AVGO": 414.1199951171875, "CVX": 191.42999267578125, "COST": 1027.93994140625, "MO": 73.91000366210938, "META": 610.3699951171875, "IBM": 253.85000610351562, "V": 328.8800048828125, "MMM": 152.4499969482422, "PM": 188.97000122070312, "ABBV": 215.8000030517578, "T": 25.260000228881836, "SO": 94.55999755859375, "PEP": 150.55999755859375, "NEE": 88.55500030517578, "AMZN": 266.29998779296875, "O": 62.02000045776367, "JNJ": 234.3800048828125, "NVDA": 215.25, "MA": 498.5299987792969, "TSLA": 425.9482116699219, "KO": 81.48999786376953, "PG": 144.43499755859375, "DOW": 36.0, "DUK": 125.6500015258789, "GOOGL": 383.0, "MRK": 122.41999816894531}