{"PEP": 137.50999450683594, "PM": 185.66000366210938, "NFLX": 73.375, "IBM": 209.35000610351562, "JPM": 346.260009765625, "NVDA": 207.05499267578125, "VZ": 43.57500076293945, "DOW": 29.68000030517578, "DUK": 125.4800033569336, "AAPL": 330.40399169921875, "PG": 149.27999877929688, "NEE": 89.5103988647461, "XOM": 146.13999938964844, "BAC": 61.744998931884766, "KO": 84.2249984741211, "T": 21.786300659179688, "TSLA": 393.94500732421875, "META": 678.4349975585938, "MMM": 162.5850067138672, "MO": 71.76609802246094, "V": 361.3699951171875, "JNJ": 252.1750030517578, "ABBV": 252.26499938964844, "AMZN": 255.11000061035156, "SO": 95.47000122070312, "HD": 348.1549987792969, "AVGO": 381.5094909667969, "MRK": 127.8550033569336, "MSFT": 396.9800109863281, "UNH": 438.0450134277344, "GOOGL": 372.6650085449219, "CVX": 183.58999633789062, "O": 64.80999755859375, "COST": 931.2849731445312, "MA": 548.2999877929688, "WMT": 114.20980072021484}