{"TSLA": 383.4949951171875, "PEP": 143.42999267578125, "IBM": 262.7749938964844, "PM": 178.42999267578125, "DOW": 28.9950008392334, "JNJ": 240.18499755859375, "CVX": 171.1300048828125, "META": 566.0750122070312, "DUK": 125.33000183105469, "JPM": 334.1050109863281, "ABBV": 233.6699981689453, "MMM": 168.32009887695312, "MA": 497.5899963378906, "COST": 965.27001953125, "O": 61.91999816894531, "XOM": 135.69000244140625, "AMZN": 241.50999450683594, "NEE": 87.05000305175781, "HD": 341.6300048828125, "NFLX": 72.41999816894531, "PG": 152.77000427246094, "GOOGL": 350.93499755859375, "MO": 71.79499816894531, "T": 22.44099998474121, "BAC": 57.790000915527344, "MRK": 119.9800033569336, "V": 333.8800048828125, "AAPL": 298.7300109863281, "SO": 94.91999816894531, "MSFT": 374.739990234375, "NVDA": 200.80999755859375, "KO": 81.43000030517578, "AVGO": 385.3299865722656, "VZ": 45.72999954223633, "UNH": 406.2417907714844, "WMT": 119.76000213623047}