{"META": 610.780029296875, "V": 326.2699890136719, "NVDA": 213.27000427246094, "PM": 182.35499572753906, "TSLA": 431.7699890136719, "COST": 999.9149780273438, "JNJ": 231.26499938964844, "CVX": 186.75999450683594, "NEE": 88.12999725341797, "DUK": 125.5999984741211, "HD": 310.07000732421875, "JPM": 306.8500061035156, "MRK": 121.33000183105469, "T": 25.145000457763672, "GOOGL": 386.9277038574219, "DOW": 35.27000045776367, "AAPL": 310.3399963378906, "MO": 72.32499694824219, "MA": 493.6600036621094, "IBM": 251.05999755859375, "AMZN": 264.1199951171875, "O": 62.38999938964844, "SO": 94.38999938964844, "BAC": 52.119998931884766, "UNH": 378.0201110839844, "XOM": 151.0399932861328, "MMM": 153.90499877929688, "AVGO": 422.4800109863281, "PEP": 146.64999389648438, "KO": 80.44999694824219, "ABBV": 213.6999969482422, "VZ": 48.44499969482422, "NFLX": 88.05010223388672, "MSFT": 415.8999938964844, "PG": 143.64999389648438, "WMT": 118.81500244140625}