{"ABBV": 252.61000061035156, "IBM": 301.8699951171875, "WMT": 113.05000305175781, "GOOGL": 361.6400146484375, "MA": 519.969970703125, "NEE": 87.44000244140625, "NFLX": 75.58999633789062, "AVGO": 388.6700134277344, "T": 21.06999969482422, "MO": 72.80000305175781, "DOW": 29.024999618530273, "META": 603.0700073242188, "HD": 336.19000244140625, "XOM": 140.9499969482422, "V": 347.4800109863281, "MSFT": 383.04998779296875, "VZ": 42.45000076293945, "DUK": 126.78500366210938, "JNJ": 263.3599853515625, "BAC": 58.310001373291016, "O": 63.2400016784668, "SO": 96.37999725341797, "TSLA": 393.8699951171875, "PEP": 142.47500610351562, "MMM": 154.72000122070312, "JPM": 330.5199890136719, "COST": 952.9000244140625, "AAPL": 313.260009765625, "MRK": 126.0, "PG": 148.38999938964844, "AMZN": 243.55999755859375, "PM": 187.05999755859375, "KO": 83.4000015258789, "UNH": 425.54998779296875, "CVX": 175.94000244140625, "NVDA": 204.14999389648438}