{"DUK": 123.73999786376953, "MA": 493.1499938964844, "BAC": 56.52000045776367, "KO": 79.94999694824219, "JPM": 333.57000732421875, "O": 60.56999969482422, "T": 22.459999084472656, "ABBV": 221.2100067138672, "PEP": 141.6199951171875, "MO": 68.96499633789062, "AAPL": 295.8800048828125, "AMZN": 237.44000244140625, "PM": 179.4600067138672, "HD": 327.5400085449219, "NFLX": 76.94999694824219, "TSLA": 396.32000732421875, "V": 330.3800048828125, "IBM": 262.30999755859375, "VZ": 45.875, "CVX": 177.5800018310547, "COST": 965.5999755859375, "DOW": 32.5, "XOM": 140.72500610351562, "GOOGL": 363.69000244140625, "META": 567.4849853515625, "MMM": 159.22000122070312, "MRK": 115.45999908447266, "NVDA": 204.67799377441406, "PG": 150.60000610351562, "AVGO": 392.8999938964844, "SO": 92.54000091552734, "UNH": 399.54998779296875, "WMT": 118.16000366210938, "JNJ": 234.0500030517578, "NEE": 85.73999786376953, "MSFT": 378.8699951171875}