{"JPM": 311.05499267578125, "MRK": 118.5, "PEP": 142.72000122070312, "CVX": 189.97999572753906, "T": 22.969999313354492, "NEE": 85.56999969482422, "AVGO": 408.70001220703125, "BAC": 54.04499816894531, "DOW": 34.65999984741211, "KO": 78.66999816894531, "META": 637.6099853515625, "MA": 481.7850036621094, "COST": 980.8574829101562, "PG": 140.8300018310547, "NVDA": 218.08999633789062, "GOOGL": 371.2650146484375, "WMT": 118.34500122070312, "HD": 311.43499755859375, "O": 59.775001525878906, "IBM": 305.80999755859375, "AMZN": 254.00999450683594, "MMM": 153.74000549316406, "UNH": 394.9049987792969, "V": 321.44000244140625, "MSFT": 429.35009765625, "ABBV": 222.32000732421875, "XOM": 153.27999877929688, "DUK": 121.08000183105469, "JNJ": 227.48500061035156, "NFLX": 82.13999938964844, "MO": 70.75499725341797, "SO": 90.87999725341797, "TSLA": 420.4200134277344, "VZ": 45.744998931884766, "PM": 176.59500122070312, "AAPL": 310.7950134277344}