{"BAC": 61.16999816894531, "NFLX": 69.25499725341797, "NEE": 88.80999755859375, "GOOGL": 345.1000061035156, "MMM": 160.91000366210938, "TSLA": 381.8511047363281, "UNH": 430.8999938964844, "AAPL": 334.0140075683594, "MO": 74.1500015258789, "HD": 340.0199890136719, "COST": 938.3400268554688, "MRK": 127.49500274658203, "CVX": 186.9149932861328, "PM": 191.64999389648438, "DUK": 125.0999984741211, "AMZN": 247.74009704589844, "DOW": 29.94499969482422, "NVDA": 203.36000061035156, "MSFT": 395.25, "SO": 95.56999969482422, "PG": 149.64999389648438, "AVGO": 373.7099914550781, "KO": 81.42500305175781, "IBM": 211.5749969482422, "PEP": 136.81500244140625, "V": 358.68499755859375, "JNJ": 253.4199981689453, "O": 65.625, "WMT": 114.5, "VZ": 43.73500061035156, "T": 21.81999969482422, "JPM": 342.30499267578125, "META": 645.9299926757812, "XOM": 147.96499633789062, "MA": 542.6300048828125, "ABBV": 256.3800048828125}