{"NEE": 93.32499694824219, "CVX": 182.5399932861328, "AVGO": 412.5899963378906, "MMM": 143.75, "O": 61.88999938964844, "PEP": 156.25999450683594, "IBM": 231.25, "AAPL": 287.4700012207031, "XOM": 146.4949951171875, "NVDA": 211.50999450683594, "DUK": 124.87000274658203, "ABBV": 202.64999389648438, "JNJ": 222.5, "HD": 322.6700134277344, "KO": 78.44999694824219, "T": 25.260000228881836, "COST": 1011.989990234375, "JPM": 306.3800048828125, "UNH": 369.6499938964844, "BAC": 52.75, "NFLX": 88.26000213623047, "V": 321.32000732421875, "MSFT": 420.989990234375, "TSLA": 411.79998779296875, "META": 616.9600219726562, "MO": 69.05000305175781, "DOW": 37.310001373291016, "MA": 501.1400146484375, "WMT": 130.24000549316406, "PG": 146.14999389648438, "GOOGL": 398.0299987792969, "VZ": 47.10499954223633, "AMZN": 271.25, "MRK": 112.30000305175781, "SO": 92.44000244140625, "PM": 171.16000366210938}