{"KO": 80.86499786376953, "PEP": 142.3300018310547, "IBM": 261.8599853515625, "MMM": 166.8350067138672, "JPM": 332.32000732421875, "GOOGL": 349.0899963378906, "NVDA": 198.19000244140625, "NEE": 86.75, "T": 22.385000228881836, "COST": 959.1500244140625, "MSFT": 371.20001220703125, "MA": 493.635009765625, "O": 61.88999938964844, "JNJ": 239.7899932861328, "AMZN": 239.5399932861328, "DOW": 28.850000381469727, "HD": 339.7900085449219, "SO": 94.75, "MO": 71.6449966430664, "AVGO": 381.2049865722656, "AAPL": 296.6700134277344, "ABBV": 233.90499877929688, "MRK": 120.7300033569336, "PM": 177.22999572753906, "XOM": 136.1300048828125, "PG": 152.3800048828125, "VZ": 45.505001068115234, "DUK": 125.1449966430664, "BAC": 57.525001525878906, "TSLA": 375.7950134277344, "WMT": 119.30999755859375, "CVX": 171.92999267578125, "UNH": 403.3599853515625, "NFLX": 71.91999816894531, "META": 557.0399780273438, "V": 330.9200134277344}