{"AMZN": 242.88999938964844, "PEP": 136.03819274902344, "MMM": 170.43499755859375, "GOOGL": 346.7850036621094, "UNH": 434.17999267578125, "WMT": 109.17009735107422, "NEE": 89.46499633789062, "AAPL": 324.4700012207031, "MRK": 127.70999908447266, "MA": 531.875, "V": 353.4800109863281, "AVGO": 397.4200134277344, "O": 65.26000213623047, "XOM": 154.33999633789062, "BAC": 61.5, "PM": 192.66250610351562, "ABBV": 253.25, "JPM": 347.0199890136719, "SO": 95.23999786376953, "VZ": 44.310001373291016, "HD": 332.79998779296875, "PG": 149.83999633789062, "T": 22.854999542236328, "KO": 82.48999786376953, "JNJ": 254.9550018310547, "COST": 923.030029296875, "CVX": 193.01499938964844, "NVDA": 213.72000122070312, "IBM": 205.80999755859375, "META": 626.260009765625, "MO": 72.48999786376953, "NFLX": 68.72010040283203, "DOW": 31.239999771118164, "MSFT": 388.70001220703125, "DUK": 127.47000122070312, "TSLA": 375.9599914550781}