{"MA": 502.8800048828125, "T": 26.149999618530273, "VZ": 48.00699996948242, "ABBV": 211.3300018310547, "COST": 1014.27001953125, "SO": 96.69999694824219, "WMT": 131.89999389648438, "NFLX": 93.55000305175781, "TSLA": 381.5299987792969, "HD": 328.80999755859375, "XOM": 154.38999938964844, "JPM": 313.2699890136719, "IBM": 230.97000122070312, "CVX": 193.33999633789062, "PM": 165.10000610351562, "AVGO": 417.44000244140625, "DOW": 40.494998931884766, "MRK": 109.16999816894531, "JNJ": 229.86000061035156, "DUK": 129.5399932861328, "KO": 78.7699966430664, "MO": 72.6500015258789, "META": 611.4000244140625, "AMZN": 265.0299987792969, "GOOGL": 385.1199951171875, "AAPL": 271.3599853515625, "NVDA": 199.52999877929688, "BAC": 53.47999954223633, "NEE": 97.875, "MMM": 146.5, "PEP": 158.4499969482422, "MSFT": 407.7799987792969, "O": 64.2300033569336, "PG": 147.13999938964844, "V": 330.0400085449219, "UNH": 370.489990234375}