{"PG": 142.47999572753906, "MMM": 149.8000030517578, "MSFT": 421.05999755859375, "IBM": 224.91000366210938, "TSLA": 417.2699890136719, "CVX": 191.36000061035156, "AMZN": 265.010009765625, "WMT": 130.88999938964844, "NFLX": 88.0999984741211, "DUK": 123.80999755859375, "VZ": 47.79999923706055, "V": 330.7900085449219, "PM": 188.64999389648438, "COST": 1074.0, "T": 24.924999237060547, "BAC": 51.14500045776367, "NEE": 88.2699966430664, "MRK": 112.98999786376953, "UNH": 383.2749938964844, "NVDA": 223.43499755859375, "MO": 73.36000061035156, "DOW": 36.2599983215332, "XOM": 156.2949981689453, "AVGO": 417.5199890136719, "ABBV": 212.32000732421875, "SO": 93.625, "O": 62.224998474121094, "JNJ": 229.33999633789062, "PEP": 149.24000549316406, "META": 605.0599975585938, "AAPL": 302.2650146484375, "KO": 81.55000305175781, "MA": 498.05999755859375, "JPM": 301.9700012207031, "HD": 310.5950012207031, "GOOGL": 388.8800048828125}