{"XOM": 136.91000366210938, "IBM": 281.7749938964844, "NFLX": 72.125, "MA": 512.6300048828125, "AMZN": 238.17999267578125, "MMM": 161.05999755859375, "V": 344.0, "AAPL": 287.5400085449219, "META": 560.685791015625, "HD": 353.04998779296875, "MRK": 128.57000732421875, "DOW": 27.364999771118164, "PM": 182.7050018310547, "PEP": 136.22000122070312, "JPM": 327.6499938964844, "NEE": 88.30500030517578, "NVDA": 199.1269989013672, "AVGO": 379.25, "MSFT": 371.0292053222656, "CVX": 166.85499572753906, "DUK": 127.52999877929688, "KO": 81.38999938964844, "VZ": 42.68000030517578, "PG": 146.66000366210938, "COST": 937.8699951171875, "UNH": 416.3039855957031, "GOOGL": 356.8500061035156, "T": 20.774999618530273, "O": 62.419898986816406, "MO": 72.68000030517578, "BAC": 57.03499984741211, "SO": 96.30000305175781, "WMT": 113.65989685058594, "ABBV": 250.96499633789062, "JNJ": 255.87789916992188, "TSLA": 423.864990234375}