{"UNH": 400.3500061035156, "XOM": 150.17999267578125, "VZ": 45.73500061035156, "O": 61.125, "CVX": 187.67999267578125, "HD": 309.114990234375, "JPM": 311.5899963378906, "COST": 980.7349853515625, "AMZN": 247.07000732421875, "BAC": 53.67499923706055, "MA": 490.70001220703125, "JNJ": 233.0, "MSFT": 414.5299987792969, "V": 323.6050109863281, "WMT": 119.80999755859375, "NVDA": 205.26010131835938, "MO": 72.68000030517578, "MRK": 121.57499694824219, "MMM": 153.0449981689453, "TSLA": 389.05999755859375, "T": 22.892000198364258, "IBM": 282.8299865722656, "GOOGL": 364.94000244140625, "NFLX": 81.99500274658203, "DUK": 124.54000091552734, "DOW": 34.095001220703125, "META": 590.2100219726562, "PM": 178.88999938964844, "NEE": 85.33999633789062, "SO": 92.91999816894531, "PEP": 142.97000122070312, "KO": 79.96499633789062, "ABBV": 228.1750030517578, "PG": 146.5, "AAPL": 307.739990234375, "AVGO": 387.6499938964844}