{"MA": 490.70001220703125, "CVX": 180.42999267578125, "JNJ": 235.82000732421875, "V": 323.9700012207031, "WMT": 120.83999633789062, "TSLA": 411.2200012207031, "UNH": 411.19000244140625, "T": 23.290000915527344, "PG": 150.49000549316406, "NEE": 86.11499786376953, "GOOGL": 369.30999755859375, "AVGO": 394.1300048828125, "NFLX": 81.66999816894531, "DOW": 33.23500061035156, "ABBV": 221.61000061035156, "PEP": 146.25, "O": 62.154998779296875, "MMM": 158.22000122070312, "MSFT": 399.9700012207031, "BAC": 55.90999984741211, "MRK": 114.93000030517578, "KO": 80.93000030517578, "IBM": 268.739990234375, "SO": 93.83999633789062, "NVDA": 212.4600067138672, "MO": 69.62000274658203, "AAPL": 296.4200134277344, "HD": 329.94000244140625, "AMZN": 246.10000610351562, "DUK": 125.30500030517578, "COST": 979.4500122070312, "PM": 181.9199981689453, "VZ": 47.08000183105469, "XOM": 140.97000122070312, "JPM": 319.6499938964844, "META": 593.489990234375}