{"COST": 916.1699829101562, "AMZN": 245.30999755859375, "DOW": 29.030000686645508, "NVDA": 210.9499969482422, "NFLX": 73.375, "CVX": 176.35000610351562, "SO": 95.6050033569336, "HD": 343.4049987792969, "V": 348.9800109863281, "GOOGL": 356.9100036621094, "MO": 71.76499938964844, "O": 63.32809829711914, "XOM": 138.8300018310547, "WMT": 113.88999938964844, "TSLA": 407.7449951171875, "BAC": 59.650001525878906, "T": 21.131000518798828, "MRK": 123.55000305175781, "KO": 83.48500061035156, "JPM": 336.4200134277344, "MMM": 157.5399932861328, "PM": 181.61000061035156, "MSFT": 385.0799865722656, "ABBV": 247.97500610351562, "AAPL": 315.32989501953125, "PEP": 137.38999938964844, "IBM": 287.6099853515625, "DUK": 125.4749984741211, "NEE": 87.95800018310547, "AVGO": 399.989990234375, "JNJ": 257.0299987792969, "UNH": 424.625, "MA": 526.5499877929688, "META": 669.3099975585938, "VZ": 42.11000061035156, "PG": 147.0240020751953}