{"COST": 929.0499877929688, "DUK": 125.08000183105469, "MA": 541.380126953125, "BAC": 61.3650016784668, "O": 64.80999755859375, "HD": 331.9049987792969, "CVX": 190.06500244140625, "WMT": 110.33499908447266, "MMM": 172.74000549316406, "MSFT": 397.8299865722656, "SO": 93.5, "NVDA": 205.72000122070312, "AAPL": 329.1700134277344, "META": 647.2650146484375, "ABBV": 255.8800048828125, "XOM": 150.88510131835938, "KO": 82.04499816894531, "AVGO": 386.34930419921875, "IBM": 211.01010131835938, "PM": 190.6699981689453, "T": 21.960100173950195, "V": 358.3500061035156, "NFLX": 66.8550033569336, "MRK": 125.5199966430664, "MO": 73.5, "NEE": 87.80000305175781, "UNH": 433.44000244140625, "DOW": 30.854999542236328, "PEP": 134.6199951171875, "VZ": 43.35499954223633, "JNJ": 250.6699981689453, "PG": 147.61000061035156, "GOOGL": 349.31500244140625, "AMZN": 247.41000366210938, "JPM": 344.94000244140625, "TSLA": 380.8949890136719}