{"V": 352.25, "NFLX": 73.88990020751953, "XOM": 136.7550048828125, "COST": 924.510009765625, "AMZN": 244.20989990234375, "MA": 526.864990234375, "AAPL": 294.1099853515625, "ABBV": 250.4949951171875, "PM": 179.30999755859375, "META": 618.280029296875, "UNH": 426.2749938964844, "PG": 146.27499389648438, "DOW": 27.19499969482422, "MRK": 126.29000091552734, "NEE": 86.66000366210938, "SO": 95.36000061035156, "GOOGL": 359.1400146484375, "O": 62.28499984741211, "TSLA": 426.0, "JPM": 334.0799865722656, "AVGO": 369.4949951171875, "MO": 71.95500183105469, "MSFT": 387.8500061035156, "KO": 81.375, "WMT": 108.13999938964844, "MMM": 161.2899932861328, "JNJ": 252.92999267578125, "PEP": 140.27999877929688, "VZ": 42.04499816894531, "T": 20.669099807739258, "HD": 355.0350036621094, "IBM": 290.875, "NVDA": 198.3800048828125, "DUK": 125.86499786376953, "BAC": 58.260101318359375}