{"PG": 151.3699951171875, "AVGO": 409.6199951171875, "CVX": 173.27000427246094, "DUK": 124.4800033569336, "IBM": 248.14500427246094, "GOOGL": 366.1400146484375, "SO": 93.7699966430664, "MO": 69.08999633789062, "MMM": 160.97000122070312, "BAC": 56.43000030517578, "META": 576.8400268554688, "VZ": 45.79499816894531, "MA": 490.0050048828125, "AMZN": 243.19000244140625, "NVDA": 209.8000030517578, "NEE": 87.08999633789062, "O": 60.72999954223633, "NFLX": 77.30500030517578, "PM": 179.98500061035156, "PEP": 141.97000122070312, "JNJ": 227.72000122070312, "XOM": 136.86500549316406, "AAPL": 297.42999267578125, "T": 22.298099517822266, "DOW": 31.584999084472656, "KO": 78.88999938964844, "WMT": 117.43000030517578, "ABBV": 216.25, "TSLA": 392.8599853515625, "MRK": 112.66000366210938, "MSFT": 378.29998779296875, "COST": 954.4149780273438, "HD": 335.5950927734375, "V": 329.0899963378906, "JPM": 330.06500244140625, "UNH": 402.0400085449219}