{"NVDA": 215.65499877929688, "CVX": 190.47999572753906, "META": 622.0900268554688, "COST": 961.5, "UNH": 382.9750061035156, "HD": 311.5899963378906, "AVGO": 487.135009765625, "BAC": 52.42499923706055, "DUK": 122.15499877929688, "AAPL": 309.385009765625, "PG": 141.47500610351562, "XOM": 153.625, "AMZN": 249.21249389648438, "PM": 177.27999877929688, "GOOGL": 360.3999938964844, "KO": 78.87999725341797, "MMM": 152.40499877929688, "DOW": 35.10499954223633, "O": 60.310001373291016, "T": 23.649999618530273, "JNJ": 224.10000610351562, "IBM": 308.3450012207031, "MRK": 115.46859741210938, "WMT": 116.33619689941406, "ABBV": 219.1199951171875, "V": 313.739990234375, "VZ": 46.244998931884766, "NEE": 85.0199966430664, "SO": 91.87999725341797, "MO": 70.62000274658203, "JPM": 301.2900085449219, "NFLX": 81.4800033569336, "PEP": 142.94000244140625, "TSLA": 422.0132141113281, "MSFT": 426.3949890136719, "MA": 472.0249938964844}