{"COST": 968.2899780273438, "NVDA": 208.19000244140625, "O": 61.2400016784668, "T": 22.684999465942383, "UNH": 412.7170104980469, "WMT": 118.83000183105469, "SO": 92.95999908447266, "VZ": 45.77000045776367, "DOW": 33.21500015258789, "IBM": 277.5, "MO": 71.54000091552734, "AVGO": 392.739990234375, "AMZN": 244.0399932861328, "MSFT": 403.1000061035156, "HD": 321.260009765625, "META": 584.5599975585938, "MA": 495.2099914550781, "AAPL": 290.3599853515625, "GOOGL": 363.9599914550781, "KO": 81.33000183105469, "PEP": 142.74000549316406, "PM": 178.4499969482422, "DUK": 123.80000305175781, "MRK": 119.58000183105469, "ABBV": 225.3699951171875, "XOM": 148.81500244140625, "V": 324.9700012207031, "TSLA": 396.57000732421875, "BAC": 54.39500045776367, "NFLX": 81.41500091552734, "MMM": 156.36000061035156, "PG": 148.57000732421875, "JPM": 312.5899963378906, "NEE": 84.79000091552734, "JNJ": 236.97999572753906, "CVX": 186.75}