{"PG": 149.13999938964844, "XOM": 140.48500061035156, "MRK": 125.4800033569336, "WMT": 113.25499725341797, "AAPL": 312.67498779296875, "COST": 958.1400146484375, "DOW": 29.135000228881836, "T": 21.264999389648438, "PM": 187.7550048828125, "JNJ": 266.5799865722656, "AVGO": 392.7200012207031, "V": 347.489990234375, "MA": 518.7249755859375, "JPM": 333.7900085449219, "IBM": 303.1099853515625, "NEE": 87.83000183105469, "AMZN": 242.10000610351562, "CVX": 176.00999450683594, "SO": 96.81009674072266, "DUK": 127.66000366210938, "MMM": 154.58999633789062, "BAC": 58.627498626708984, "PEP": 143.90499877929688, "O": 63.619998931884766, "HD": 335.5400085449219, "KO": 84.28500366210938, "MO": 73.22000122070312, "GOOGL": 361.2099914550781, "TSLA": 394.1050109863281, "VZ": 42.899898529052734, "NVDA": 199.77000427246094, "META": 604.5399780273438, "MSFT": 382.864990234375, "NFLX": 76.18499755859375, "ABBV": 253.6199951171875, "UNH": 427.70001220703125}