{"VZ": 45.96500015258789, "HD": 339.4150085449219, "NFLX": 93.20999908447266, "MRK": 112.875, "UNH": 353.4100036621094, "MSFT": 432.67999267578125, "JPM": 312.9700012207031, "TSLA": 387.20001220703125, "MO": 65.17500305175781, "XOM": 149.47999572753906, "AAPL": 273.19000244140625, "PM": 163.89999389648438, "DOW": 38.81999969482422, "GOOGL": 339.3699951171875, "AMZN": 255.33999633789062, "WMT": 129.9600067138672, "V": 311.25, "PEP": 153.77999877929688, "NEE": 90.0199966430664, "MMM": 145.74000549316406, "T": 25.979999542236328, "DUK": 125.25499725341797, "BAC": 53.095001220703125, "KO": 74.62999725341797, "META": 674.6699829101562, "PG": 142.83999633789062, "IBM": 252.0, "COST": 1003.469970703125, "NVDA": 202.4199981689453, "ABBV": 200.4499969482422, "CVX": 186.32000732421875, "O": 63.349998474121094, "SO": 91.86000061035156, "JNJ": 226.0800018310547, "AVGO": 422.6000061035156, "MA": 510.20001220703125}