{"O": 64.01000213623047, "DUK": 128.24000549316406, "BAC": 59.849998474121094, "T": 21.059999465942383, "SO": 97.27999877929688, "HD": 345.2300109863281, "MMM": 158.0, "MA": 531.6900024414062, "MRK": 128.8699951171875, "MSFT": 388.8299865722656, "PM": 187.77000427246094, "NFLX": 76.16999816894531, "WMT": 111.54000091552734, "JNJ": 267.2799987792969, "ABBV": 254.61500549316406, "VZ": 42.54499816894531, "AVGO": 370.7900085449219, "MO": 72.94999694824219, "NEE": 88.46499633789062, "XOM": 141.66000366210938, "IBM": 306.1600036621094, "META": 615.5700073242188, "KO": 83.99500274658203, "JPM": 339.260009765625, "COST": 947.260009765625, "V": 352.1300048828125, "AAPL": 310.6600036621094, "AMZN": 245.9499969482422, "GOOGL": 367.0400085449219, "NVDA": 196.92999267578125, "TSLA": 402.9800109863281, "PG": 152.74000549316406, "CVX": 173.91000366210938, "DOW": 28.639999389648438, "UNH": 428.0769958496094, "PEP": 144.97000122070312}