{"NFLX": 86.15499877929688, "META": 631.3488159179688, "GOOGL": 389.010009765625, "XOM": 147.74000549316406, "MA": 486.7900085449219, "UNH": 384.4949951171875, "COST": 1002.25, "NEE": 88.13999938964844, "KO": 80.62999725341797, "O": 62.17499923706055, "ABBV": 218.47000122070312, "AAPL": 310.1199951171875, "VZ": 48.095001220703125, "IBM": 263.4150085449219, "T": 24.875, "MO": 72.05000305175781, "NVDA": 213.73989868164062, "PEP": 146.31500244140625, "MRK": 120.0, "JNJ": 231.5050048828125, "MMM": 152.28500366210938, "WMT": 118.2051010131836, "DOW": 34.79999923706055, "CVX": 182.8699951171875, "SO": 93.44000244140625, "DUK": 124.79000091552734, "TSLA": 441.92999267578125, "AVGO": 427.6199951171875, "MSFT": 425.32000732421875, "V": 321.0849914550781, "JPM": 296.875, "HD": 320.0799865722656, "PM": 179.8000030517578, "BAC": 50.79499816894531, "PG": 146.41000366210938, "AMZN": 270.1499938964844}