{"GOOGL": 356.1400146484375, "NVDA": 200.8699951171875, "MRK": 118.4749984741211, "MA": 489.4599914550781, "ABBV": 226.1699981689453, "XOM": 151.30999755859375, "VZ": 46.95000076293945, "META": 572.155029296875, "AMZN": 238.2100067138672, "T": 23.21500015258789, "JPM": 311.2900085449219, "UNH": 406.2300109863281, "SO": 94.30249786376953, "MMM": 158.02499389648438, "PEP": 143.77999877929688, "AAPL": 292.8900146484375, "DOW": 34.19499969482422, "IBM": 273.67999267578125, "HD": 320.2300109863281, "O": 62.165000915527344, "JNJ": 238.39999389648438, "TSLA": 381.7200012207031, "COST": 981.5850219726562, "AVGO": 372.7099914550781, "BAC": 54.82500076293945, "KO": 83.57499694824219, "WMT": 119.98999786376953, "CVX": 191.1699981689453, "PM": 182.1699981689453, "PG": 149.27000427246094, "MO": 72.98999786376953, "MSFT": 399.8599853515625, "NFLX": 81.91000366210938, "NEE": 85.13500213623047, "V": 323.69000244140625, "DUK": 125.34500122070312}