{"HD": 343.489990234375, "NFLX": 73.375, "T": 21.139999389648438, "MA": 526.5, "PM": 181.6300048828125, "UNH": 424.5799865722656, "MRK": 123.54000091552734, "DUK": 125.4749984741211, "AMZN": 245.30999755859375, "NEE": 87.95999908447266, "NVDA": 210.9499969482422, "TSLA": 407.7449951171875, "PG": 147.0240020751953, "AVGO": 399.989990234375, "XOM": 138.8300018310547, "CVX": 176.38499450683594, "KO": 83.48500061035156, "VZ": 42.11000061035156, "META": 669.3099975585938, "COST": 916.1699829101562, "MSFT": 385.0799865722656, "JPM": 336.4700012207031, "V": 348.9800109863281, "GOOGL": 356.9100036621094, "O": 63.32500076293945, "SO": 95.61000061035156, "IBM": 287.6099853515625, "ABBV": 248.0, "WMT": 113.88999938964844, "MMM": 157.55999755859375, "PEP": 137.38999938964844, "MO": 71.76499938964844, "BAC": 59.650001525878906, "JNJ": 257.010009765625, "AAPL": 315.32989501953125, "DOW": 29.030000686645508}