{"UNH": 429.95001220703125, "SO": 95.61000061035156, "AVGO": 400.864990234375, "WMT": 112.2699966430664, "JNJ": 259.1700134277344, "V": 347.4599914550781, "PM": 184.72000122070312, "DUK": 125.69499969482422, "META": 606.0449829101562, "MO": 72.87000274658203, "AAPL": 314.7300109863281, "T": 20.875, "MRK": 124.75, "GOOGL": 352.4599914550781, "NVDA": 201.96749877929688, "TSLA": 399.8599853515625, "PG": 146.74000549316406, "MSFT": 380.0899963378906, "AMZN": 241.7050018310547, "XOM": 137.81500244140625, "ABBV": 250.23500061035156, "O": 63.31999969482422, "MMM": 156.60000610351562, "MA": 521.219970703125, "BAC": 59.16999816894531, "HD": 340.3999938964844, "KO": 82.48500061035156, "DOW": 28.514999389648438, "VZ": 42.16999816894531, "IBM": 295.989990234375, "NEE": 87.49500274658203, "CVX": 174.07000732421875, "COST": 910.4600219726562, "PEP": 137.6999969482422, "JPM": 335.0299987792969, "NFLX": 74.61000061035156}