{"PEP": 134.89999389648438, "WMT": 110.58499908447266, "AAPL": 326.8599853515625, "TSLA": 382.5249938964844, "MO": 73.37999725341797, "DOW": 31.114999771118164, "MRK": 124.83999633789062, "MSFT": 399.9750061035156, "AMZN": 247.8094940185547, "JPM": 342.4549865722656, "NEE": 87.62999725341797, "O": 64.7300033569336, "AVGO": 383.94000244140625, "CVX": 190.1699981689453, "META": 648.4199829101562, "KO": 81.87999725341797, "COST": 927.719970703125, "VZ": 43.42499923706055, "XOM": 150.83999633789062, "UNH": 430.75, "DUK": 124.77999877929688, "NVDA": 205.3699951171875, "JNJ": 249.94000244140625, "NFLX": 67.85009765625, "MMM": 173.5050048828125, "HD": 329.17999267578125, "SO": 93.3488998413086, "GOOGL": 348.989990234375, "T": 22.11829948425293, "IBM": 210.82989501953125, "MA": 543.2449951171875, "PG": 147.3699951171875, "V": 357.3999938964844, "PM": 190.1300048828125, "ABBV": 255.14500427246094, "BAC": 60.95500183105469}