{"WMT": 112.52999877929688, "V": 355.2200012207031, "KO": 82.45500183105469, "NVDA": 212.49000549316406, "VZ": 42.83000183105469, "IBM": 211.1999969482422, "TSLA": 394.19000244140625, "AVGO": 394.1700134277344, "META": 681.2750244140625, "GOOGL": 370.9200134277344, "DOW": 29.69499969482422, "BAC": 61.625, "MO": 70.5199966430664, "PEP": 135.47999572753906, "MA": 535.3599853515625, "HD": 341.54998779296875, "MRK": 123.6050033569336, "JPM": 346.9800109863281, "CVX": 181.64999389648438, "NFLX": 73.66999816894531, "MSFT": 395.6199951171875, "MMM": 160.52000427246094, "T": 21.420000076293945, "PG": 148.02999877929688, "O": 63.2599983215332, "JNJ": 247.07000732421875, "UNH": 418.5799865722656, "AAPL": 327.57000732421875, "DUK": 124.3499984741211, "XOM": 144.5, "COST": 916.4500122070312, "SO": 94.58999633789062, "PM": 180.89999389648438, "AMZN": 254.8800048828125, "ABBV": 244.2100067138672, "NEE": 89.11000061035156}