{"ABBV": 207.9499969482422, "V": 326.4775085449219, "AAPL": 294.8699951171875, "PEP": 151.8800048828125, "MMM": 143.25999450683594, "SO": 93.51000213623047, "META": 603.1300048828125, "AVGO": 419.4700012207031, "BAC": 50.79999923706055, "NFLX": 87.68000030517578, "HD": 310.4599914550781, "O": 62.529998779296875, "DOW": 39.43000030517578, "DUK": 125.08000183105469, "AMZN": 265.8900146484375, "COST": 1021.8900146484375, "PM": 186.99000549316406, "IBM": 219.27999877929688, "PG": 143.97000122070312, "MO": 69.88999938964844, "TSLA": 433.45001220703125, "KO": 80.1050033569336, "JNJ": 224.33999633789062, "UNH": 396.510009765625, "GOOGL": 387.44000244140625, "NEE": 94.61000061035156, "JPM": 304.989990234375, "VZ": 47.939998626708984, "MSFT": 407.760009765625, "WMT": 130.38999938964844, "XOM": 150.66000366210938, "T": 25.239999771118164, "NVDA": 220.8699951171875, "CVX": 185.97999572753906, "MRK": 112.38999938964844, "MA": 499.9849853515625}