{"PM": 162.7899932861328, "JPM": 309.239990234375, "MRK": 111.01000213623047, "IBM": 227.08999633789062, "AAPL": 270.19000244140625, "NEE": 94.19000244140625, "JNJ": 227.33999633789062, "PG": 146.47000122070312, "ABBV": 204.1300048828125, "CVX": 192.2100067138672, "XOM": 154.6699981689453, "V": 334.8500061035156, "KO": 78.9000015258789, "SO": 93.52999877929688, "AVGO": 405.5799865722656, "NVDA": 209.3000030517578, "VZ": 46.630001068115234, "HD": 322.80999755859375, "DUK": 126.55000305175781, "UNH": 370.7099914550781, "COST": 998.8499755859375, "BAC": 52.88999938964844, "DOW": 39.53499984741211, "T": 25.780000686645508, "GOOGL": 350.0199890136719, "MSFT": 424.5899963378906, "AMZN": 263.29998779296875, "PEP": 155.2899932861328, "NFLX": 92.16000366210938, "MMM": 143.88999938964844, "WMT": 128.0449981689453, "TSLA": 372.79998779296875, "O": 63.310001373291016, "MO": 68.19999694824219, "META": 669.9099731445312, "MA": 525.1699829101562}