{"WMT": 121.0199966430664, "SO": 94.0199966430664, "META": 566.7000122070312, "T": 23.56999969482422, "PG": 149.5800018310547, "JPM": 320.7099914550781, "GOOGL": 359.6700134277344, "ABBV": 227.66000366210938, "MRK": 119.04000091552734, "TSLA": 406.44500732421875, "UNH": 408.45001220703125, "HD": 328.3599853515625, "JNJ": 240.83999633789062, "O": 62.709999084472656, "XOM": 147.00999450683594, "NVDA": 205.1300048828125, "VZ": 48.09000015258789, "BAC": 55.994998931884766, "NEE": 85.94499969482422, "DOW": 33.834999084472656, "CVX": 187.2100067138672, "MSFT": 390.6700134277344, "NFLX": 80.33499908447266, "IBM": 272.260009765625, "KO": 82.6050033569336, "MMM": 158.3300018310547, "AAPL": 291.0799865722656, "MO": 71.93000030517578, "AVGO": 381.8599853515625, "PM": 184.4199981689453, "AMZN": 238.52999877929688, "DUK": 124.95999908447266, "PEP": 144.2550048828125, "COST": 982.5599975585938, "V": 322.2699890136719, "MA": 490.0199890136719}