{"DOW": 35.30500030517578, "IBM": 250.92999267578125, "ABBV": 213.1199951171875, "AMZN": 265.30999755859375, "NEE": 87.6449966430664, "V": 326.6199951171875, "PEP": 145.67999267578125, "META": 612.3400268554688, "PM": 181.69500732421875, "CVX": 184.72000122070312, "T": 25.030000686645508, "NVDA": 214.8300018310547, "JPM": 306.82000732421875, "XOM": 149.86000061035156, "MRK": 119.75, "NFLX": 87.68000030517578, "GOOGL": 388.9601135253906, "UNH": 377.04998779296875, "HD": 310.57000732421875, "AVGO": 421.7699890136719, "MMM": 154.0800018310547, "MO": 72.4000015258789, "WMT": 118.57499694824219, "BAC": 52.22999954223633, "O": 62.45500183105469, "MA": 493.17999267578125, "PG": 143.0399932861328, "TSLA": 433.56500244140625, "JNJ": 230.30999755859375, "MSFT": 416.1499938964844, "AAPL": 308.3800048828125, "KO": 80.5199966430664, "SO": 94.0999984741211, "DUK": 125.0, "COST": 1002.9000244140625}