{"NVDA": 207.3800048828125, "NFLX": 77.8499984741211, "GOOGL": 365.3500061035156, "JNJ": 233.47999572753906, "MO": 68.88999938964844, "XOM": 141.49000549316406, "O": 61.26499938964844, "NEE": 85.88999938964844, "MMM": 163.52999877929688, "V": 332.989990234375, "JPM": 336.2300109863281, "TSLA": 404.3999938964844, "HD": 337.5, "BAC": 57.36000061035156, "PG": 151.7301025390625, "MRK": 115.7300033569336, "CVX": 178.8350067138672, "DUK": 124.29499816894531, "AMZN": 240.42010498046875, "META": 579.3099975585938, "KO": 80.1500015258789, "SO": 93.1050033569336, "MA": 499.04998779296875, "AVGO": 397.625, "PEP": 143.29429626464844, "ABBV": 221.77999877929688, "MSFT": 384.92999267578125, "AAPL": 298.5400085449219, "UNH": 407.7289123535156, "DOW": 33.224998474121094, "VZ": 45.404998779296875, "WMT": 118.8499984741211, "COST": 972.760009765625, "PM": 180.13999938964844, "IBM": 267.6700134277344, "T": 22.404199600219727}