{"DOW": 38.529998779296875, "AMZN": 264.1600036621094, "XOM": 160.4949951171875, "AVGO": 418.74749755859375, "NVDA": 220.5500030517578, "BAC": 50.755001068115234, "O": 61.55500030517578, "JPM": 300.0, "MA": 503.54998779296875, "CVX": 195.22999572753906, "HD": 297.9599914550781, "COST": 1073.4200439453125, "NFLX": 89.52989959716797, "JNJ": 229.0500030517578, "TSLA": 409.9599914550781, "VZ": 46.82500076293945, "T": 24.459999084472656, "MSFT": 422.67999267578125, "SO": 93.44499969482422, "PG": 142.16000366210938, "PEP": 148.40069580078125, "IBM": 221.5758056640625, "KO": 81.30000305175781, "ABBV": 208.28500366210938, "PM": 191.22500610351562, "AAPL": 296.9700012207031, "UNH": 389.5249938964844, "V": 331.7300109863281, "NEE": 87.91000366210938, "MO": 73.61000061035156, "GOOGL": 398.75, "WMT": 132.735107421875, "MMM": 151.77000427246094, "DUK": 122.29000091552734, "META": 612.1599731445312, "MRK": 112.30999755859375}