{"NEE": 96.51000213623047, "TSLA": 375.95001220703125, "BAC": 52.68000030517578, "MRK": 110.05000305175781, "KO": 78.38999938964844, "VZ": 47.25, "DOW": 37.994998931884766, "AMZN": 259.7699890136719, "SO": 94.41999816894531, "AVGO": 399.8299865722656, "PM": 165.8699951171875, "AAPL": 270.760009765625, "HD": 329.0799865722656, "PEP": 156.27999877929688, "WMT": 127.58999633789062, "MO": 67.80500030517578, "COST": 994.0, "MSFT": 429.3599853515625, "GOOGL": 349.8349914550781, "JNJ": 227.77999877929688, "NVDA": 213.14999389648438, "IBM": 233.0, "V": 309.42999267578125, "XOM": 150.60499572753906, "META": 671.22998046875, "PG": 149.1699981689453, "JPM": 311.5199890136719, "MA": 507.67999267578125, "ABBV": 197.69000244140625, "T": 26.065000534057617, "NFLX": 92.30500030517578, "O": 63.54999923706055, "CVX": 188.35499572753906, "MMM": 146.02499389648438, "UNH": 366.739990234375, "DUK": 127.80999755859375}