{"XOM": 138.4600067138672, "AVGO": 392.0400085449219, "DOW": 30.790000915527344, "WMT": 117.12000274658203, "BAC": 57.369998931884766, "MA": 484.30999755859375, "MMM": 163.24000549316406, "MSFT": 367.17999267578125, "GOOGL": 349.489990234375, "VZ": 45.349998474121094, "NVDA": 208.55999755859375, "AMZN": 232.7899932861328, "NEE": 86.08999633789062, "AAPL": 296.7900085449219, "JPM": 331.8500061035156, "NFLX": 72.87999725341797, "MRK": 115.47000122070312, "PM": 173.1699981689453, "KO": 79.55000305175781, "CVX": 175.07000732421875, "DUK": 123.52999877929688, "TSLA": 405.0400085449219, "PG": 147.6999969482422, "IBM": 252.4600067138672, "V": 327.5, "T": 22.09000015258789, "COST": 950.9849853515625, "SO": 93.43000030517578, "MO": 69.5199966430664, "ABBV": 229.9600067138672, "UNH": 406.5299987792969, "PEP": 140.66000366210938, "HD": 326.6300048828125, "O": 60.560001373291016, "META": 563.8499755859375, "JNJ": 231.27000427246094}