{"CVX": 181.77999877929688, "MSFT": 385.8399963378906, "COST": 926.0, "AMZN": 245.7100067138672, "KO": 84.05999755859375, "AVGO": 392.8500061035156, "O": 64.12999725341797, "HD": 337.95001220703125, "SO": 96.56999969482422, "DOW": 30.645000457763672, "DUK": 127.09750366210938, "META": 663.1199951171875, "PG": 146.24000549316406, "MMM": 157.10000610351562, "GOOGL": 357.1199951171875, "NVDA": 206.44000244140625, "PM": 179.75, "VZ": 42.32780075073242, "MRK": 121.11000061035156, "JPM": 344.0350036621094, "BAC": 60.76559829711914, "NEE": 89.7249984741211, "T": 21.344999313354492, "MO": 71.04750061035156, "NFLX": 73.42500305175781, "ABBV": 243.47500610351562, "JNJ": 253.27499389648438, "IBM": 218.4499969482422, "TSLA": 397.80999755859375, "V": 359.2300109863281, "XOM": 144.97999572753906, "WMT": 115.43000030517578, "PEP": 137.12989807128906, "MA": 542.8599853515625, "AAPL": 315.9150085449219, "UNH": 425.9150085449219}