{"KO": 76.77999877929688, "UNH": 353.010009765625, "T": 26.170000076293945, "MO": 66.82499694824219, "DOW": 38.38999938964844, "META": 675.2999877929688, "NVDA": 208.88499450683594, "ABBV": 198.27499389648438, "GOOGL": 343.1199951171875, "AVGO": 419.739990234375, "IBM": 225.3800048828125, "JPM": 309.9750061035156, "JNJ": 227.69500732421875, "AMZN": 262.5050048828125, "NFLX": 92.05500030517578, "AAPL": 271.6400146484375, "BAC": 52.29999923706055, "TSLA": 374.2300109863281, "SO": 93.41999816894531, "MRK": 112.25499725341797, "PG": 149.44000244140625, "VZ": 46.70500183105469, "WMT": 130.5, "MSFT": 419.1700134277344, "NEE": 95.5, "PEP": 155.36000061035156, "COST": 1010.1300048828125, "O": 63.560001373291016, "MMM": 145.5500030517578, "MA": 503.2699890136719, "DUK": 127.29000091552734, "V": 307.6700134277344, "XOM": 147.27999877929688, "CVX": 184.0399932861328, "PM": 164.2899932861328, "HD": 338.6300048828125}