{"MO": 71.70999908447266, "PEP": 134.51499938964844, "O": 64.74500274658203, "V": 350.3500061035156, "NFLX": 69.1500015258789, "AVGO": 390.54998779296875, "DOW": 30.90999984741211, "PG": 146.05499267578125, "GOOGL": 319.385009765625, "AAPL": 320.53009033203125, "WMT": 107.8489990234375, "VZ": 44.10499954223633, "META": 606.8200073242188, "IBM": 203.78500366210938, "T": 22.969999313354492, "MMM": 169.27999877929688, "HD": 323.32000732421875, "MSFT": 380.9700012207031, "PM": 190.13999938964844, "JPM": 347.6000061035156, "UNH": 422.54998779296875, "COST": 920.4547729492188, "BAC": 61.154998779296875, "TSLA": 321.28118896484375, "ABBV": 255.88999938964844, "MA": 526.9600219726562, "KO": 81.04000091552734, "DUK": 128.9600067138672, "MRK": 130.3300018310547, "NEE": 89.8550033569336, "SO": 96.18000030517578, "AMZN": 234.2050018310547, "XOM": 157.79010009765625, "JNJ": 258.42999267578125, "CVX": 195.85000610351562, "NVDA": 209.1750030517578}