{"AVGO": 411.1099853515625, "JPM": 295.8699951171875, "NFLX": 89.3499984741211, "AMZN": 259.4200134277344, "META": 602.75, "UNH": 389.3399963378906, "JNJ": 230.02999877929688, "VZ": 47.72999954223633, "MO": 74.04000091552734, "TSLA": 404.1600036621094, "MRK": 114.2699966430664, "PEP": 150.3300018310547, "PM": 191.5800018310547, "DOW": 37.73500061035156, "NVDA": 220.6300048828125, "MA": 499.79998779296875, "KO": 81.93499755859375, "MMM": 149.32000732421875, "NEE": 90.04000091552734, "SO": 94.16999816894531, "V": 329.9100036621094, "T": 24.985000610351562, "XOM": 162.6199951171875, "COST": 1094.9000244140625, "ABBV": 213.9199981689453, "CVX": 197.32000732421875, "GOOGL": 387.70001220703125, "O": 62.09000015258789, "WMT": 134.1999969482422, "IBM": 222.27999877929688, "PG": 141.2899932861328, "BAC": 50.724998474121094, "AAPL": 298.9800109863281, "HD": 302.44000244140625, "MSFT": 417.55999755859375}