{"DOW": 29.475000381469727, "VZ": 42.90290069580078, "MO": 71.11000061035156, "MA": 537.7150268554688, "ABBV": 247.0, "XOM": 143.0399932861328, "PM": 180.19500732421875, "BAC": 61.505001068115234, "IBM": 213.30079650878906, "JNJ": 249.4149932861328, "COST": 921.2150268554688, "GOOGL": 370.2250061035156, "AMZN": 254.7100067138672, "CVX": 179.72630310058594, "V": 358.4150085449219, "TSLA": 397.9049987792969, "META": 673.7249755859375, "KO": 82.98999786376953, "PG": 148.02000427246094, "MRK": 123.5250015258789, "SO": 95.25, "PEP": 135.97999572753906, "NEE": 88.83000183105469, "AAPL": 327.0950012207031, "T": 21.415000915527344, "AVGO": 392.4200134277344, "NVDA": 209.2050018310547, "MSFT": 396.239990234375, "WMT": 113.8499984741211, "NFLX": 73.93000030517578, "UNH": 421.1300048828125, "MMM": 160.39999389648438, "JPM": 347.0150146484375, "DUK": 125.33999633789062, "O": 63.940101623535156, "HD": 343.1000061035156}