{"NFLX": 81.52999877929688, "IBM": 305.79998779296875, "GOOGL": 359.3999938964844, "BAC": 52.41999816894531, "NEE": 84.61499786376953, "VZ": 46.654998779296875, "DUK": 121.08999633789062, "V": 313.6600036621094, "COST": 961.9600219726562, "PM": 176.1300048828125, "WMT": 116.91999816894531, "AMZN": 249.97000122070312, "PG": 140.44000244140625, "DOW": 35.400001525878906, "MSFT": 427.5799865722656, "UNH": 377.0, "JPM": 300.8800048828125, "JNJ": 223.57000732421875, "MA": 471.95001220703125, "MRK": 114.79000091552734, "META": 623.1099853515625, "NVDA": 214.8350067138672, "ABBV": 217.1300048828125, "PEP": 142.57000732421875, "HD": 313.0199890136719, "AAPL": 310.3800048828125, "KO": 78.78500366210938, "T": 23.559999465942383, "O": 59.7400016784668, "CVX": 189.82000732421875, "TSLA": 423.7300109863281, "MO": 70.4000015258789, "MMM": 151.66000366210938, "SO": 90.5199966430664, "AVGO": 478.07000732421875, "XOM": 152.7100067138672}