{"O": 65.68499755859375, "IBM": 212.67999267578125, "GOOGL": 346.6199951171875, "NEE": 88.79000091552734, "MA": 543.5999755859375, "JNJ": 253.10000610351562, "UNH": 426.1499938964844, "HD": 338.95001220703125, "PG": 149.97000122070312, "CVX": 187.36000061035156, "ABBV": 254.49000549316406, "JPM": 341.19000244140625, "MRK": 127.5, "DUK": 125.01000213623047, "META": 646.02001953125, "T": 21.80500030517578, "MO": 74.20999908447266, "AVGO": 370.8399963378906, "AMZN": 247.25999450683594, "AAPL": 333.739990234375, "TSLA": 380.69000244140625, "MSFT": 393.7699890136719, "COST": 940.8499755859375, "V": 358.6099853515625, "NVDA": 202.63999938964844, "VZ": 43.59000015258789, "NFLX": 68.85990142822266, "DOW": 29.924999237060547, "PM": 192.8000030517578, "XOM": 147.38999938964844, "SO": 95.30999755859375, "PEP": 137.13499450683594, "KO": 81.56500244140625, "BAC": 61.28499984741211, "MMM": 159.86000061035156, "WMT": 114.20999908447266}