{"JPM": 313.010009765625, "WMT": 129.60000610351562, "MMM": 148.4600067138672, "AVGO": 402.25, "PM": 153.19000244140625, "VZ": 46.279998779296875, "HD": 343.92999267578125, "SO": 91.93000030517578, "MSFT": 424.25, "DOW": 38.29999923706055, "JNJ": 226.14999389648438, "UNH": 346.0199890136719, "GOOGL": 332.2799987792969, "MRK": 112.55999755859375, "XOM": 148.3699951171875, "V": 309.9049987792969, "AAPL": 266.2200012207031, "NVDA": 199.91000366210938, "ABBV": 205.1300048828125, "NFLX": 92.58999633789062, "O": 64.02999877929688, "IBM": 255.72000122070312, "NEE": 90.61000061035156, "T": 25.8799991607666, "MO": 64.66000366210938, "COST": 1005.8099975585938, "TSLA": 386.4800109863281, "KO": 74.70999908447266, "PG": 142.35000610351562, "BAC": 53.470001220703125, "DUK": 125.68000030517578, "META": 668.9000244140625, "MA": 511.239990234375, "AMZN": 249.9499969482422, "PEP": 154.94000244140625, "CVX": 185.9949951171875}