{"XOM": 153.85499572753906, "PEP": 135.5500030517578, "DOW": 31.3799991607666, "NVDA": 214.16000366210938, "AAPL": 324.6050109863281, "AMZN": 243.67990112304688, "PG": 150.3800048828125, "VZ": 44.400001525878906, "IBM": 209.1999969482422, "NEE": 88.8499984741211, "KO": 82.51000213623047, "MO": 72.73500061035156, "MRK": 128.0800018310547, "MA": 534.4100952148438, "MSFT": 388.30499267578125, "DUK": 127.19000244140625, "TSLA": 377.760009765625, "JNJ": 255.80499267578125, "META": 629.030517578125, "WMT": 108.95500183105469, "PM": 194.38999938964844, "COST": 922.1900024414062, "T": 22.870500564575195, "ABBV": 256.385009765625, "BAC": 61.775001525878906, "CVX": 192.27000427246094, "HD": 332.6700134277344, "MMM": 171.8699951171875, "UNH": 433.1099853515625, "NFLX": 70.13990020751953, "AVGO": 394.0, "JPM": 348.54998779296875, "O": 65.0999984741211, "GOOGL": 348.2200012207031, "V": 355.2650146484375, "SO": 95.05500030517578}