{"VZ": 46.42499923706055, "PEP": 136.64999389648438, "MSFT": 381.739990234375, "ABBV": 259.2200012207031, "COST": 935.2899780273438, "SO": 97.27999877929688, "WMT": 109.45999908447266, "AMZN": 232.07000732421875, "DUK": 130.5, "XOM": 156.92999267578125, "CVX": 194.72000122070312, "PG": 147.3800048828125, "JPM": 353.1600036621094, "AVGO": 381.9200134277344, "V": 355.6400146484375, "META": 595.2000122070312, "KO": 82.25, "UNH": 420.6400146484375, "T": 24.110000610351562, "O": 65.59010314941406, "AAPL": 333.07000732421875, "PM": 192.97999572753906, "NVDA": 206.9600067138672, "MRK": 131.08999633789062, "BAC": 62.04499816894531, "MMM": 172.60000610351562, "MA": 539.6599731445312, "JNJ": 263.4200134277344, "IBM": 214.1699981689453, "NEE": 89.7699966430664, "GOOGL": 319.7699890136719, "HD": 333.0199890136719, "MO": 72.98999786376953, "DOW": 29.844999313354492, "TSLA": 313.0, "NFLX": 70.09500122070312}