{"VZ": 44.375, "MSFT": 387.8739929199219, "TSLA": 376.3599853515625, "WMT": 108.87999725341797, "GOOGL": 347.8900146484375, "AMZN": 242.9801025390625, "HD": 332.1400146484375, "META": 627.239990234375, "NVDA": 213.7899932861328, "IBM": 207.22000122070312, "DOW": 31.344999313354492, "SO": 95.5199966430664, "PG": 149.69000244140625, "MMM": 170.94000244140625, "CVX": 192.9499969482422, "MO": 72.66500091552734, "AAPL": 323.9200134277344, "AVGO": 396.6200866699219, "KO": 82.41999816894531, "COST": 923.72998046875, "V": 354.6400146484375, "O": 65.17500305175781, "MRK": 127.87000274658203, "DUK": 127.66000366210938, "ABBV": 254.72999572753906, "NEE": 89.44499969482422, "JPM": 347.77508544921875, "UNH": 433.7200012207031, "T": 22.834999084472656, "PEP": 135.91000366210938, "PM": 193.42999267578125, "JNJ": 254.30999755859375, "XOM": 154.2550048828125, "BAC": 61.79999923706055, "MA": 533.5150146484375, "NFLX": 69.37000274658203}