{"BAC": 53.59000015258789, "COST": 993.780029296875, "NEE": 95.33499908447266, "GOOGL": 396.8500061035156, "NVDA": 206.02000427246094, "ABBV": 204.75750732421875, "META": 612.3499755859375, "JPM": 314.82000732421875, "O": 63.8650016784668, "MRK": 113.44989776611328, "HD": 323.169189453125, "PEP": 156.05999755859375, "MMM": 146.97279357910156, "CVX": 185.00999450683594, "JNJ": 223.65499877929688, "DOW": 38.755001068115234, "T": 25.520000457763672, "SO": 93.77999877929688, "DUK": 125.53500366210938, "VZ": 47.252498626708984, "XOM": 148.25, "MO": 70.88500213623047, "KO": 79.01499938964844, "NFLX": 87.97000122070312, "TSLA": 398.510009765625, "PM": 170.1999053955078, "V": 319.9599914550781, "AVGO": 420.8299865722656, "AMZN": 277.04998779296875, "PG": 148.0850067138672, "WMT": 129.9499969482422, "MA": 491.80499267578125, "UNH": 367.2799987792969, "MSFT": 412.92999267578125, "IBM": 225.56500244140625}