{"WMT": 119.43000030517578, "HD": 325.6300048828125, "MO": 71.09500122070312, "DUK": 124.76000213623047, "PM": 177.77999877929688, "TSLA": 385.2200012207031, "NEE": 86.4000015258789, "SO": 94.56999969482422, "MMM": 162.55999755859375, "BAC": 57.685001373291016, "ABBV": 234.4949951171875, "PEP": 141.1708984375, "VZ": 46.584999084472656, "AVGO": 384.4599914550781, "V": 330.5150146484375, "NVDA": 202.47000122070312, "AAPL": 299.3800048828125, "MA": 488.0199890136719, "KO": 79.94000244140625, "T": 22.834999084472656, "NFLX": 73.06500244140625, "MRK": 118.84500122070312, "MSFT": 373.0050048828125, "IBM": 265.9100036621094, "O": 61.564998626708984, "JPM": 333.8699951171875, "PG": 150.4499969482422, "XOM": 140.2100067138672, "JNJ": 237.1999969482422, "UNH": 407.19000244140625, "AMZN": 233.9873046875, "DOW": 30.475000381469727, "META": 565.6199951171875, "COST": 961.4299926757812, "CVX": 176.13999938964844, "GOOGL": 347.7900085449219}