{"NEE": 86.0199966430664, "AMZN": 272.0799865722656, "CVX": 181.6300048828125, "MO": 69.83999633789062, "SO": 92.06999969482422, "MRK": 118.55999755859375, "DOW": 33.66999816894531, "AVGO": 440.5199890136719, "MA": 497.2049865722656, "JNJ": 226.72999572753906, "TSLA": 439.1400146484375, "AAPL": 311.4800109863281, "V": 329.8500061035156, "COST": 949.2000122070312, "PEP": 144.97999572753906, "NFLX": 86.19999694824219, "WMT": 115.16500091552734, "VZ": 47.834999084472656, "T": 24.674999237060547, "XOM": 145.38999938964844, "IBM": 289.1300048828125, "META": 625.1699829101562, "MMM": 153.81500244140625, "MSFT": 444.29998779296875, "O": 61.060001373291016, "JPM": 297.95001220703125, "ABBV": 216.13999938964844, "BAC": 51.26499938964844, "KO": 79.58000183105469, "PG": 144.38999938964844, "DUK": 123.30999755859375, "HD": 320.0050048828125, "GOOGL": 383.05999755859375, "NVDA": 216.66000366210938, "UNH": 378.5, "PM": 176.05999755859375}