{"AAPL": 293.2799987792969, "PEP": 154.58999633789062, "T": 25.15999984741211, "IBM": 229.66000366210938, "AMZN": 272.67999267578125, "WMT": 130.3800048828125, "SO": 91.80000305175781, "DUK": 124.16999816894531, "PM": 170.99000549316406, "XOM": 144.39999389648438, "NEE": 93.09500122070312, "CVX": 181.4600067138672, "AVGO": 429.8977966308594, "GOOGL": 400.80999755859375, "MSFT": 415.1499938964844, "V": 318.75, "JPM": 302.1700134277344, "META": 609.6400146484375, "COST": 1008.780029296875, "VZ": 47.22999954223633, "HD": 317.4200134277344, "MMM": 143.3000030517578, "O": 61.915000915527344, "KO": 78.41999816894531, "NFLX": 87.44999694824219, "NVDA": 215.2100067138672, "TSLA": 428.32000732421875, "ABBV": 201.47999572753906, "UNH": 379.82000732421875, "MA": 495.7200012207031, "PG": 146.42999267578125, "JNJ": 221.35000610351562, "MRK": 111.37999725341797, "MO": 68.11499786376953, "DOW": 36.880001068115234, "BAC": 51.290000915527344}