{"VZ": 42.064998626708984, "NVDA": 197.11000061035156, "MSFT": 385.114990234375, "NEE": 87.27950286865234, "JNJ": 257.12451171875, "AMZN": 245.67999267578125, "MMM": 156.65499877929688, "ABBV": 255.4499969482422, "GOOGL": 364.2799987792969, "T": 20.493600845336914, "CVX": 167.27000427246094, "AAPL": 312.94989013671875, "HD": 349.6099853515625, "V": 354.67999267578125, "JPM": 335.8999938964844, "PEP": 141.6199951171875, "IBM": 298.73370361328125, "MO": 71.69000244140625, "PM": 182.1649932861328, "MRK": 126.08999633789062, "XOM": 136.06500244140625, "MA": 529.8699951171875, "BAC": 59.45500183105469, "NFLX": 76.34500122070312, "DOW": 27.094999313354492, "WMT": 109.62999725341797, "COST": 942.260009765625, "SO": 95.8499984741211, "PG": 147.33999633789062, "DUK": 126.4749984741211, "TSLA": 416.7699890136719, "KO": 82.41000366210938, "AVGO": 375.29998779296875, "O": 63.040000915527344, "META": 592.5, "UNH": 415.5199890136719}