{"NVDA": 207.2899932861328, "ABBV": 222.4600067138672, "WMT": 121.0199966430664, "XOM": 141.8699951171875, "GOOGL": 373.2799987792969, "DUK": 126.05000305175781, "V": 333.2200012207031, "UNH": 407.7699890136719, "IBM": 270.7099914550781, "MSFT": 393.9200134277344, "SO": 94.30999755859375, "PEP": 146.14999389648438, "COST": 986.6099853515625, "NEE": 86.2300033569336, "AVGO": 376.8399963378906, "JNJ": 235.27000427246094, "AAPL": 299.25, "META": 600.2999877929688, "AMZN": 246.07000732421875, "KO": 80.30999755859375, "MA": 501.3349914550781, "MRK": 115.23999786376953, "CVX": 180.15499877929688, "JPM": 331.17999267578125, "VZ": 46.744998931884766, "O": 62.16999816894531, "PM": 184.1300048828125, "DOW": 32.974998474121094, "HD": 336.989990234375, "TSLA": 404.6700134277344, "MO": 70.19499969482422, "BAC": 56.849998474121094, "T": 23.15999984741211, "PG": 152.5500030517578, "MMM": 161.66000366210938, "NFLX": 78.73999786376953}