{"GOOGL": 390.1700134277344, "MRK": 119.87000274658203, "VZ": 48.029998779296875, "DUK": 123.76000213623047, "XOM": 147.0, "MA": 493.67999267578125, "NFLX": 86.33000183105469, "V": 324.9599914550781, "COST": 995.239990234375, "CVX": 183.1300048828125, "WMT": 118.9000015258789, "SO": 92.51000213623047, "KO": 80.44000244140625, "HD": 321.239990234375, "PEP": 146.25, "JNJ": 230.82000732421875, "AAPL": 312.5, "T": 24.8700008392334, "PG": 145.91000366210938, "JPM": 296.6400146484375, "AMZN": 273.9599914550781, "AVGO": 426.5799865722656, "DOW": 34.790000915527344, "NEE": 87.25, "IBM": 264.19000244140625, "MMM": 152.83999633789062, "NVDA": 214.3000030517578, "META": 635.219970703125, "PM": 178.57000732421875, "ABBV": 218.66000366210938, "MO": 71.98999786376953, "O": 61.70000076293945, "TSLA": 442.1000061035156, "UNH": 382.4100036621094, "BAC": 50.83000183105469, "MSFT": 427.0199890136719}