{"AAPL": 332.2749938964844, "MRK": 128.0449981689453, "XOM": 148.02000427246094, "JNJ": 252.3000946044922, "IBM": 213.89500427246094, "DOW": 29.71500015258789, "O": 65.55999755859375, "DUK": 125.32499694824219, "HD": 342.010009765625, "MO": 73.83499908447266, "T": 21.844999313354492, "META": 647.6900024414062, "AVGO": 375.739990234375, "GOOGL": 347.2699890136719, "PM": 191.35499572753906, "CVX": 186.09500122070312, "BAC": 61.5, "PG": 150.4949951171875, "SO": 95.63500213623047, "NEE": 89.29000091552734, "ABBV": 256.67498779296875, "WMT": 114.2699966430664, "VZ": 43.6349983215332, "UNH": 432.5299987792969, "MSFT": 394.4200134277344, "NVDA": 206.08999633789062, "MMM": 161.22000122070312, "AMZN": 249.0050048828125, "V": 357.8699951171875, "PEP": 136.9550018310547, "JPM": 343.489990234375, "COST": 935.1400146484375, "TSLA": 384.05499267578125, "KO": 81.90499877929688, "NFLX": 69.25990295410156}