{"MA": 486.2900085449219, "GOOGL": 368.4800109863281, "COST": 987.0250244140625, "BAC": 53.744998931884766, "NFLX": 81.31500244140625, "V": 321.6199951171875, "DUK": 123.83000183105469, "HD": 310.2699890136719, "SO": 92.91500091552734, "AAPL": 313.0199890136719, "UNH": 402.2850036621094, "DOW": 33.97999954223633, "JPM": 311.44000244140625, "O": 60.6349983215332, "KO": 79.20500183105469, "ABBV": 229.13999938964844, "MSFT": 420.9100036621094, "AVGO": 395.7699890136719, "META": 612.7249755859375, "VZ": 45.275001525878906, "PEP": 143.17999267578125, "IBM": 285.56500244140625, "T": 22.725000381469727, "AMZN": 252.77499389648438, "NEE": 85.43000030517578, "PM": 176.98500061035156, "CVX": 187.9499969482422, "NVDA": 208.3699951171875, "TSLA": 401.3699951171875, "PG": 145.38999938964844, "MMM": 153.42999267578125, "JNJ": 232.97230529785156, "WMT": 120.11000061035156, "MO": 72.0250015258789, "XOM": 150.8000030517578, "MRK": 122.73999786376953}