{"TSLA": 392.57501220703125, "JNJ": 224.1999969482422, "GOOGL": 383.239990234375, "CVX": 192.35000610351562, "META": 610.5399780273438, "VZ": 47.595001220703125, "NVDA": 198.55999755859375, "O": 63.45500183105469, "MSFT": 413.7099914550781, "BAC": 52.244998931884766, "ABBV": 208.22999572753906, "KO": 78.19000244140625, "PEP": 154.58999633789062, "T": 26.110000610351562, "NEE": 95.55000305175781, "NFLX": 91.04000091552734, "HD": 312.489990234375, "JPM": 307.70001220703125, "AMZN": 272.04998779296875, "AAPL": 276.8399963378906, "MO": 73.41999816894531, "UNH": 370.75, "MMM": 141.57000732421875, "MRK": 113.12999725341797, "DOW": 40.58000183105469, "V": 326.989990234375, "DUK": 127.5, "PM": 169.1999969482422, "MA": 504.75, "WMT": 130.36000061035156, "PG": 143.44000244140625, "COST": 1012.8300170898438, "IBM": 229.4600067138672, "SO": 95.98999786376953, "XOM": 153.77499389648438, "AVGO": 416.4700012207031}