{"PEP": 148.0998992919922, "MO": 73.41000366210938, "NFLX": 90.05500030517578, "META": 608.4000244140625, "WMT": 122.29949951171875, "TSLA": 421.625, "KO": 80.91500091552734, "HD": 313.0150146484375, "JNJ": 230.28500366210938, "MSFT": 418.3399963378906, "MA": 500.75, "UNH": 384.05499267578125, "SO": 93.91999816894531, "NVDA": 220.6300048828125, "T": 25.274999618530273, "MRK": 115.52999877929688, "V": 331.80499267578125, "O": 62.15999984741211, "CVX": 190.0399932861328, "MMM": 152.085693359375, "DUK": 124.05999755859375, "DOW": 35.80500030517578, "GOOGL": 390.2900085449219, "BAC": 51.29499816894531, "XOM": 154.3699951171875, "AMZN": 268.7099914550781, "AVGO": 413.6600036621094, "COST": 1050.77001953125, "PG": 143.44000244140625, "ABBV": 214.7050018310547, "IBM": 249.25, "JPM": 303.1050109863281, "PM": 187.80999755859375, "NEE": 89.12000274658203, "AAPL": 304.67999267578125, "VZ": 48.17499923706055}