{"VZ": 42.65999984741211, "IBM": 211.8699951171875, "COST": 912.8474731445312, "NEE": 88.81999969482422, "XOM": 144.02000427246094, "JPM": 346.7699890136719, "JNJ": 246.38499450683594, "NVDA": 211.91000366210938, "META": 678.864990234375, "DOW": 29.709999084472656, "SO": 94.63500213623047, "PM": 180.0449981689453, "TSLA": 394.83099365234375, "MO": 70.47000122070312, "BAC": 61.52000045776367, "UNH": 418.614990234375, "MRK": 123.56999969482422, "MA": 535.4400024414062, "O": 63.18000030517578, "DUK": 124.4000015258789, "ABBV": 244.13999938964844, "CVX": 181.2899932861328, "NFLX": 73.2699966430664, "V": 356.31500244140625, "MMM": 159.52000427246094, "AMZN": 254.47999572753906, "MSFT": 394.9599914550781, "WMT": 112.31999969482422, "HD": 340.989990234375, "PEP": 135.22000122070312, "PG": 147.59620666503906, "T": 21.375, "AVGO": 395.0, "AAPL": 326.70001220703125, "GOOGL": 369.67999267578125, "KO": 82.2750015258789}