{"NVDA": 231.2100067138672, "GOOGL": 397.2699890136719, "ABBV": 209.9600067138672, "JNJ": 228.07000732421875, "MSFT": 427.1600036621094, "MRK": 111.19999694824219, "AVGO": 430.0899963378906, "T": 24.415000915527344, "PEP": 148.9199981689453, "MO": 72.72000122070312, "DUK": 121.05999755859375, "AAPL": 301.9700012207031, "MMM": 146.21499633789062, "KO": 80.86499786376953, "NEE": 93.02999877929688, "CVX": 189.6199951171875, "JPM": 297.6400146484375, "AMZN": 263.260009765625, "NFLX": 87.21499633789062, "TSLA": 428.2019958496094, "MA": 495.0546875, "WMT": 131.14990234375, "XOM": 156.38999938964844, "VZ": 46.915000915527344, "HD": 298.17999267578125, "META": 620.5999755859375, "PG": 142.11000061035156, "COST": 1045.3299560546875, "O": 61.529998779296875, "PM": 192.09500122070312, "DOW": 38.744998931884766, "SO": 92.77999877929688, "IBM": 220.4499969482422, "BAC": 49.42499923706055, "UNH": 391.2699890136719, "V": 326.75}