{"MRK": 124.88999938964844, "MMM": 157.05499267578125, "GOOGL": 357.42999267578125, "V": 346.489990234375, "JNJ": 258.54998779296875, "MSFT": 381.54998779296875, "AMZN": 244.92999267578125, "TSLA": 406.510009765625, "UNH": 430.7550048828125, "AVGO": 403.0849914550781, "WMT": 111.95999908447266, "BAC": 59.30500030517578, "XOM": 137.41000366210938, "NVDA": 203.33990478515625, "JPM": 334.92010498046875, "AAPL": 315.05999755859375, "DOW": 28.405000686645508, "KO": 82.51499938964844, "PEP": 137.39500427246094, "T": 20.985000610351562, "ABBV": 248.19500732421875, "VZ": 42.1150016784668, "MO": 72.25, "SO": 95.2249984741211, "HD": 338.4100036621094, "COST": 913.7750244140625, "NEE": 87.05500030517578, "O": 63.35499954223633, "PG": 146.44500732421875, "CVX": 174.02999877929688, "IBM": 294.6600036621094, "META": 619.3699951171875, "MA": 520.2150268554688, "PM": 183.0449981689453, "DUK": 125.05999755859375, "NFLX": 74.88500213623047}