{"XOM": 148.2100067138672, "DUK": 126.8136978149414, "PM": 155.60000610351562, "V": 310.17498779296875, "META": 671.60498046875, "PG": 142.76499938964844, "PEP": 154.64999389648438, "SO": 92.63999938964844, "NVDA": 200.07000732421875, "MO": 64.875, "JPM": 314.9800109863281, "CVX": 184.67999267578125, "NEE": 91.5, "IBM": 256.6099853515625, "O": 64.37999725341797, "AMZN": 252.24000549316406, "AVGO": 401.68499755859375, "AAPL": 265.43499755859375, "MSFT": 425.7749938964844, "T": 26.145000457763672, "BAC": 53.76499938964844, "WMT": 129.1999969482422, "JNJ": 225.08999633789062, "HD": 346.0899963378906, "VZ": 46.613399505615234, "GOOGL": 334.7349853515625, "ABBV": 205.63999938964844, "COST": 1002.6199951171875, "TSLA": 388.40008544921875, "KO": 74.86000061035156, "DOW": 37.39500045776367, "MA": 512.260009765625, "NFLX": 93.18499755859375, "MRK": 112.66000366210938, "MMM": 148.63999938964844, "UNH": 350.2200927734375}