{"MRK": 114.62000274658203, "CVX": 187.21499633789062, "VZ": 47.220001220703125, "IBM": 228.25999450683594, "ABBV": 201.36500549316406, "BAC": 52.470001220703125, "TSLA": 373.7099914550781, "COST": 1014.719970703125, "AAPL": 272.4700012207031, "SO": 93.54000091552734, "GOOGL": 338.635009765625, "HD": 338.69000244140625, "JNJ": 230.8800048828125, "UNH": 352.7200012207031, "MSFT": 414.0, "PM": 169.9149932861328, "NVDA": 198.50999450683594, "DOW": 38.060001373291016, "PEP": 155.8249969482422, "XOM": 149.74000549316406, "MA": 500.5899963378906, "T": 26.575000762939453, "MMM": 144.27000427246094, "MO": 66.87999725341797, "AVGO": 421.3301086425781, "NFLX": 92.72000122070312, "V": 306.4150085449219, "META": 656.7100219726562, "JPM": 310.29998779296875, "WMT": 132.1300048828125, "KO": 76.52999877929688, "O": 63.93000030517578, "NEE": 95.875, "PG": 145.5, "DUK": 128.02499389648438, "AMZN": 254.72000122070312}