{"ABBV": 247.17649841308594, "HD": 343.7200012207031, "PG": 147.5500030517578, "JPM": 337.0799865722656, "XOM": 137.99000549316406, "T": 21.165000915527344, "NEE": 87.50499725341797, "CVX": 174.91000366210938, "KO": 83.45500183105469, "O": 63.005001068115234, "MMM": 157.7050018310547, "SO": 95.47000122070312, "PM": 180.97500610351562, "TSLA": 408.8299865722656, "IBM": 288.97210693359375, "DOW": 28.985000610351562, "JNJ": 256.489990234375, "DUK": 125.37999725341797, "GOOGL": 355.82000732421875, "WMT": 113.78500366210938, "MRK": 123.36000061035156, "META": 668.822998046875, "MA": 523.0750122070312, "UNH": 424.239990234375, "MSFT": 385.3999938964844, "AVGO": 400.3599853515625, "AAPL": 315.1499938964844, "NVDA": 209.9499969482422, "COST": 914.9749755859375, "AMZN": 245.69000244140625, "NFLX": 73.51499938964844, "VZ": 42.375, "PEP": 137.02499389648438, "MO": 71.74700164794922, "V": 347.7049865722656, "BAC": 59.80500030517578}