{"GOOGL": 368.30499267578125, "KO": 84.27159881591797, "VZ": 42.78950119018555, "NEE": 88.98999786376953, "HD": 345.6099853515625, "DOW": 28.53499984741211, "JPM": 338.84051513671875, "TSLA": 402.67999267578125, "MRK": 128.86500549316406, "IBM": 309.0, "PM": 187.02999877929688, "CVX": 174.3300018310547, "MA": 533.5549926757812, "BAC": 60.060001373291016, "XOM": 141.5500030517578, "WMT": 111.73999786376953, "UNH": 426.25, "JNJ": 267.4150085449219, "O": 64.16500091552734, "NFLX": 76.43000030517578, "META": 616.9450073242188, "V": 351.7799987792969, "AVGO": 368.1000061035156, "COST": 949.5299072265625, "PEP": 145.31500244140625, "ABBV": 255.02999877929688, "DUK": 128.9600067138672, "AAPL": 311.9700012207031, "AMZN": 245.55499267578125, "PG": 152.03500366210938, "MMM": 157.26499938964844, "T": 21.094999313354492, "MSFT": 389.9599914550781, "SO": 97.6050033569336, "MO": 73.0, "NVDA": 196.14999389648438}