{"MA": 538.2899780273438, "ABBV": 247.32000732421875, "BAC": 59.36000061035156, "COST": 928.5999755859375, "PG": 148.27459716796875, "NFLX": 74.23500061035156, "IBM": 289.57501220703125, "PEP": 138.82000732421875, "KO": 84.44010162353516, "VZ": 42.58000183105469, "MSFT": 392.9200134277344, "UNH": 429.260986328125, "AAPL": 317.1449890136719, "O": 64.0999984741211, "PM": 181.10499572753906, "GOOGL": 354.875, "NEE": 88.42500305175781, "HD": 337.760009765625, "AMZN": 248.99989318847656, "WMT": 115.043701171875, "MO": 72.02989959716797, "MRK": 123.66010284423828, "DUK": 127.0, "SO": 96.83999633789062, "XOM": 145.00999450683594, "CVX": 182.1300048828125, "T": 21.4950008392334, "JNJ": 258.125, "NVDA": 203.77999877929688, "MMM": 157.5399932861328, "DOW": 30.149999618530273, "META": 662.0800170898438, "JPM": 334.7300109863281, "V": 357.9700012207031, "TSLA": 392.4949951171875, "AVGO": 385.510009765625}