{"NVDA": 212.05990600585938, "XOM": 154.44000244140625, "JNJ": 255.64999389648438, "VZ": 44.275001525878906, "AMZN": 244.77000427246094, "UNH": 431.30999755859375, "MSFT": 390.2799987792969, "KO": 82.20500183105469, "MMM": 170.73500061035156, "PG": 149.19000244140625, "COST": 927.1400146484375, "TSLA": 374.0509948730469, "JPM": 348.360107421875, "MA": 532.0399780273438, "PEP": 135.64999389648438, "META": 627.0700073242188, "T": 23.045000076293945, "GOOGL": 342.07000732421875, "AAPL": 325.8699951171875, "BAC": 61.654998779296875, "ABBV": 253.83999633789062, "DUK": 127.91999816894531, "CVX": 193.0, "PM": 194.27999877929688, "AVGO": 396.69000244140625, "SO": 95.79499816894531, "HD": 331.489990234375, "WMT": 109.33499908447266, "DOW": 31.229999542236328, "NFLX": 68.52999877929688, "MO": 72.27999877929688, "NEE": 89.4000015258789, "IBM": 205.96499633789062, "MRK": 127.5250015258789, "O": 65.02999877929688, "V": 353.4700012207031}