{"JPM": 312.4599914550781, "MMM": 142.5050048828125, "MA": 495.4100036621094, "KO": 78.57499694824219, "CVX": 190.6199951171875, "PG": 147.27000427246094, "XOM": 152.7899932861328, "META": 608.7449951171875, "MO": 74.55000305175781, "AVGO": 421.2799987792969, "TSLA": 390.6600036621094, "V": 328.0299987792969, "PM": 166.39999389648438, "COST": 1011.7000122070312, "JNJ": 227.1999969482422, "T": 26.1299991607666, "SO": 96.72000122070312, "GOOGL": 385.69000244140625, "MSFT": 414.510009765625, "BAC": 53.224998474121094, "PEP": 157.41000366210938, "NEE": 96.95999908447266, "IBM": 232.22000122070312, "NFLX": 92.0999984741211, "MRK": 112.16000366210938, "DOW": 40.29499816894531, "NVDA": 198.4199981689453, "VZ": 48.14500045776367, "AAPL": 280.1499938964844, "AMZN": 268.3399963378906, "DUK": 128.6199951171875, "ABBV": 206.60000610351562, "WMT": 131.60000610351562, "HD": 323.8800048828125, "O": 63.810001373291016, "UNH": 368.8299865722656}