{"ABBV": 257.2349853515625, "PG": 146.89500427246094, "XOM": 157.75, "MMM": 169.77000427246094, "HD": 325.2698974609375, "MO": 72.51480102539062, "NVDA": 207.08999633789062, "UNH": 423.0799865722656, "PEP": 135.00999450683594, "BAC": 60.98500061035156, "WMT": 108.1094970703125, "CVX": 197.0399932861328, "NFLX": 68.68499755859375, "DOW": 31.729999542236328, "KO": 81.6050033569336, "META": 600.8599853515625, "COST": 923.4299926757812, "IBM": 205.7550048828125, "MA": 527.260009765625, "MRK": 130.6300048828125, "VZ": 44.564998626708984, "JPM": 348.32501220703125, "AMZN": 232.55499267578125, "DUK": 129.5399932861328, "JNJ": 258.3500061035156, "SO": 96.61000061035156, "NEE": 90.40499877929688, "O": 65.28500366210938, "AVGO": 390.3349914550781, "PM": 192.8699951171875, "V": 349.99859619140625, "GOOGL": 316.864990234375, "MSFT": 379.0199890136719, "T": 22.854999542236328, "AAPL": 321.3349914550781, "TSLA": 322.7449951171875}