{"NVDA": 201.0850067138672, "MSFT": 431.7200012207031, "T": 25.579999923706055, "PEP": 155.17999267578125, "JNJ": 224.35000610351562, "DUK": 125.8949966430664, "AMZN": 252.9149932861328, "KO": 74.91000366210938, "ABBV": 202.7100067138672, "AAPL": 272.7449951171875, "MRK": 112.875, "META": 674.6849975585938, "DOW": 38.654998779296875, "NEE": 91.06999969482422, "JPM": 312.65399169921875, "IBM": 253.1300048828125, "AVGO": 418.4200134277344, "PG": 142.43299865722656, "WMT": 129.92999267578125, "SO": 92.29499816894531, "MA": 506.8999938964844, "GOOGL": 336.7850036621094, "MMM": 145.9499969482422, "V": 309.30999755859375, "MO": 65.15070343017578, "XOM": 148.4600067138672, "VZ": 45.66999816894531, "O": 63.599998474121094, "BAC": 53.14500045776367, "COST": 1004.9099731445312, "PM": 164.32000732421875, "HD": 339.6199951171875, "NFLX": 93.05500030517578, "CVX": 186.94000244140625, "TSLA": 390.239990234375, "UNH": 355.9750061035156}