{"T": 20.489999771118164, "WMT": 108.86000061035156, "JPM": 334.0799865722656, "O": 61.84000015258789, "UNH": 426.6199951171875, "MA": 522.489990234375, "TSLA": 425.3699951171875, "CVX": 165.6999969482422, "GOOGL": 361.2200012207031, "AMZN": 241.6699981689453, "HD": 350.9100036621094, "ABBV": 251.07000732421875, "AVGO": 369.2699890136719, "KO": 81.31500244140625, "PM": 177.67999267578125, "BAC": 58.3849983215332, "IBM": 286.2799987792969, "JNJ": 253.9499969482422, "DOW": 27.010000228881836, "DUK": 125.80000305175781, "PEP": 141.17999267578125, "MRK": 125.4000015258789, "META": 612.9500122070312, "NVDA": 197.5800018310547, "MMM": 159.99000549316406, "NEE": 86.37000274658203, "NFLX": 74.19000244140625, "COST": 924.72998046875, "MSFT": 384.2200012207031, "VZ": 42.01499938964844, "PG": 147.44500732421875, "AAPL": 294.25, "SO": 95.12999725341797, "XOM": 136.25999450683594, "MO": 71.55999755859375}