{"SO": 95.82499694824219, "DUK": 127.36000061035156, "MRK": 125.82499694824219, "MA": 493.5299987792969, "DOW": 29.434999465942383, "UNH": 415.4150085449219, "JPM": 335.7799987792969, "AMZN": 227.53500366210938, "XOM": 137.35000610351562, "MMM": 167.47000122070312, "MSFT": 353.1050109863281, "NVDA": 194.33999633789062, "AVGO": 378.2950134277344, "JNJ": 245.5050048828125, "IBM": 257.7799987792969, "TSLA": 373.06500244140625, "V": 333.2200012207031, "PG": 148.57000732421875, "PEP": 140.08999633789062, "CVX": 172.26499938964844, "T": 22.5, "GOOGL": 343.9150085449219, "PM": 179.16000366210938, "WMT": 116.20999908447266, "META": 546.1500244140625, "NFLX": 72.1050033569336, "COST": 947.3825073242188, "VZ": 46.1150016784668, "NEE": 87.79000091552734, "BAC": 58.165000915527344, "KO": 80.48999786376953, "MO": 73.3949966430664, "O": 61.959999084472656, "ABBV": 243.10000610351562, "AAPL": 277.42999267578125, "HD": 343.2732849121094}