{"MRK": 129.52000427246094, "IBM": 289.19000244140625, "UNH": 425.1400146484375, "PG": 151.39999389648438, "MO": 72.70500183105469, "O": 63.840999603271484, "GOOGL": 359.54998779296875, "CVX": 169.1999969482422, "MSFT": 389.6199951171875, "XOM": 136.97000122070312, "NVDA": 194.6199951171875, "T": 20.56999969482422, "PEP": 144.14999389648438, "DOW": 27.709999084472656, "DUK": 129.55999755859375, "META": 582.6500244140625, "VZ": 42.55500030517578, "ABBV": 261.04998779296875, "KO": 83.97000122070312, "V": 361.5799865722656, "WMT": 111.70999908447266, "PM": 182.25, "BAC": 58.689998626708984, "MA": 539.2899780273438, "NFLX": 77.5999984741211, "SO": 97.94999694824219, "JNJ": 262.9700012207031, "AVGO": 360.3399963378906, "AMZN": 242.27999877929688, "NEE": 88.33999633789062, "COST": 951.0900268554688, "MMM": 160.39999389648438, "AAPL": 308.2200012207031, "JPM": 334.20001220703125, "TSLA": 392.82000732421875, "HD": 357.8299865722656}