{"SO": 94.53700256347656, "MA": 500.69500732421875, "O": 61.97999954223633, "GOOGL": 390.94000244140625, "MMM": 149.61000061035156, "MRK": 114.66000366210938, "MSFT": 418.4100036621094, "ABBV": 214.44000244140625, "PEP": 149.76499938964844, "DUK": 123.88999938964844, "MO": 73.84500122070312, "PM": 192.0800018310547, "BAC": 51.176998138427734, "NEE": 89.66999816894531, "JPM": 298.5199890136719, "UNH": 392.6099853515625, "META": 601.760009765625, "AMZN": 259.07000732421875, "AAPL": 298.19500732421875, "JNJ": 229.8000030517578, "CVX": 196.83999633789062, "DOW": 37.915000915527344, "NVDA": 223.2550048828125, "KO": 81.94999694824219, "HD": 300.95001220703125, "V": 330.82000732421875, "XOM": 162.22500610351562, "IBM": 223.5800018310547, "TSLA": 404.67498779296875, "WMT": 134.1300048828125, "PG": 141.39999389648438, "NFLX": 88.73500061035156, "COST": 1088.02001953125, "T": 24.80500030517578, "VZ": 47.42499923706055, "AVGO": 414.0400085449219}