{"MA": 539.2899780273438, "DUK": 129.55999755859375, "CVX": 169.1999969482422, "NFLX": 77.5999984741211, "MO": 72.70500183105469, "TSLA": 392.82000732421875, "META": 582.6500244140625, "PG": 151.39999389648438, "AMZN": 242.27999877929688, "GOOGL": 359.54998779296875, "JNJ": 262.9700012207031, "V": 361.5799865722656, "MRK": 129.52000427246094, "JPM": 334.20001220703125, "COST": 951.0900268554688, "IBM": 289.19000244140625, "MSFT": 389.6199951171875, "BAC": 58.689998626708984, "AVGO": 360.3399963378906, "SO": 97.94999694824219, "T": 20.56999969482422, "NVDA": 194.6199951171875, "WMT": 111.70999908447266, "XOM": 136.97000122070312, "AAPL": 308.2200012207031, "PEP": 144.14999389648438, "KO": 83.97000122070312, "NEE": 88.33999633789062, "DOW": 27.709999084472656, "MMM": 160.39999389648438, "O": 63.840999603271484, "UNH": 425.1400146484375, "VZ": 42.55500030517578, "PM": 182.25, "ABBV": 261.04998779296875, "HD": 357.8299865722656}