{"GOOGL": 362.6449890136719, "CVX": 186.49000549316406, "KO": 80.93000030517578, "NEE": 84.41500091552734, "MA": 494.44000244140625, "MRK": 119.62000274658203, "META": 585.3499755859375, "AAPL": 289.1199951171875, "XOM": 148.68499755859375, "VZ": 45.78499984741211, "MSFT": 401.7699890136719, "AVGO": 388.07989501953125, "TSLA": 394.4049987792969, "ABBV": 225.1699981689453, "WMT": 118.48999786376953, "SO": 92.63999938964844, "NFLX": 81.37999725341797, "AMZN": 243.27000427246094, "BAC": 54.20500183105469, "T": 22.649999618530273, "NVDA": 205.5299072265625, "PEP": 142.6186065673828, "PG": 148.1999969482422, "MO": 71.3550033569336, "PM": 177.70249938964844, "V": 324.8550109863281, "DUK": 123.6500015258789, "JPM": 311.7099914550781, "COST": 965.6400146484375, "MMM": 156.11000061035156, "O": 60.974998474121094, "DOW": 33.1349983215332, "IBM": 276.6549987792969, "UNH": 411.0849914550781, "JNJ": 236.22500610351562, "HD": 320.6099853515625}