{"KO": 78.97000122070312, "MA": 530.4000244140625, "XOM": 154.11000061035156, "DOW": 39.42499923706055, "O": 63.494998931884766, "T": 25.90999984741211, "NEE": 95.50499725341797, "PM": 164.4199981689453, "UNH": 367.8599853515625, "COST": 995.364990234375, "AMZN": 263.3500061035156, "SO": 94.04000091552734, "BAC": 52.6349983215332, "MSFT": 422.7200012207031, "JPM": 308.42498779296875, "HD": 321.7149963378906, "PEP": 155.51499938964844, "MRK": 110.58000183105469, "GOOGL": 348.6700134277344, "CVX": 191.735107421875, "MMM": 144.75, "VZ": 46.755001068115234, "NVDA": 208.6699981689453, "IBM": 228.82000732421875, "WMT": 127.7750015258789, "PG": 146.77999877929688, "AVGO": 399.0201110839844, "ABBV": 204.05999755859375, "AAPL": 269.8450927734375, "TSLA": 371.9898986816406, "JNJ": 227.7550048828125, "DUK": 127.43000030517578, "V": 337.0350036621094, "MO": 68.36990356445312, "NFLX": 92.23999786376953, "META": 670.7949829101562}