{"MMM": 155.99000549316406, "DOW": 32.8650016784668, "JPM": 310.3500061035156, "CVX": 186.4239044189453, "XOM": 148.19000244140625, "JNJ": 234.32000732421875, "V": 322.5299987792969, "KO": 80.90010070800781, "WMT": 119.66000366210938, "NFLX": 81.91500091552734, "AMZN": 242.6649932861328, "TSLA": 395.0249938964844, "AAPL": 291.389892578125, "MA": 491.29998779296875, "HD": 319.4049987792969, "GOOGL": 360.8599853515625, "NVDA": 205.05999755859375, "T": 22.655000686645508, "PEP": 143.19500732421875, "AVGO": 382.9800109863281, "MSFT": 402.989990234375, "PG": 147.8699951171875, "BAC": 53.814998626708984, "MRK": 118.88999938964844, "VZ": 45.474998474121094, "MO": 71.6050033569336, "PM": 177.235107421875, "META": 589.39501953125, "NEE": 84.22000122070312, "ABBV": 225.28500366210938, "SO": 92.51000213623047, "O": 61.04499816894531, "DUK": 123.6050033569336, "IBM": 276.5400085449219, "COST": 974.135009765625, "UNH": 407.9100036621094}