{"UNH": 424.822998046875, "IBM": 289.0, "DOW": 27.700000762939453, "PEP": 144.11000061035156, "PG": 151.3699951171875, "AMZN": 242.7100067138672, "GOOGL": 360.07501220703125, "WMT": 111.83000183105469, "V": 361.2650146484375, "COST": 951.72998046875, "ABBV": 260.9100036621094, "CVX": 169.10000610351562, "AAPL": 308.4200134277344, "MA": 539.1799926757812, "SO": 97.87000274658203, "KO": 83.98999786376953, "VZ": 42.58000183105469, "T": 20.565000534057617, "MMM": 160.60000610351562, "JPM": 333.9100036621094, "MO": 72.83000183105469, "O": 63.775001525878906, "BAC": 58.669898986816406, "NEE": 88.26000213623047, "PM": 182.7100067138672, "AVGO": 360.3349914550781, "JNJ": 262.625, "META": 583.030029296875, "DUK": 129.46249389648438, "TSLA": 393.3999938964844, "MRK": 129.33999633789062, "HD": 357.80999755859375, "NFLX": 77.6500015258789, "XOM": 137.10499572753906, "MSFT": 390.5199890136719, "NVDA": 194.66000366210938}