{"SO": 95.30999755859375, "JPM": 341.20001220703125, "BAC": 61.28499984741211, "NEE": 88.80000305175781, "DOW": 29.924999237060547, "ABBV": 254.52999877929688, "MSFT": 393.7699890136719, "JNJ": 253.02999877929688, "IBM": 212.66000366210938, "MRK": 127.49500274658203, "V": 358.5849914550781, "AVGO": 370.8399963378906, "O": 65.68499755859375, "MO": 74.20999908447266, "CVX": 187.36000061035156, "TSLA": 380.69000244140625, "PM": 192.77000427246094, "VZ": 43.59000015258789, "GOOGL": 346.6199951171875, "MMM": 159.8800048828125, "META": 646.02001953125, "T": 21.80500030517578, "COST": 940.8499755859375, "AMZN": 247.25999450683594, "XOM": 147.38999938964844, "NFLX": 68.85990142822266, "NVDA": 202.63999938964844, "MA": 543.5700073242188, "PG": 149.96499633789062, "DUK": 125.0, "KO": 81.56500244140625, "AAPL": 333.739990234375, "UNH": 426.1650085449219, "WMT": 114.20999908447266, "HD": 338.8599853515625, "PEP": 137.13499450683594}