{"WMT": 114.22000122070312, "O": 64.16500091552734, "JPM": 347.25, "PEP": 136.60499572753906, "SO": 96.23999786376953, "DOW": 29.979999542236328, "TSLA": 396.0083923339844, "IBM": 215.8415985107422, "GOOGL": 367.9779968261719, "MRK": 123.44000244140625, "NEE": 89.66000366210938, "NFLX": 74.5999984741211, "AVGO": 389.1199951171875, "CVX": 179.64999389648438, "META": 673.2000122070312, "VZ": 43.28499984741211, "AMZN": 254.206298828125, "UNH": 419.2200012207031, "PM": 178.35000610351562, "T": 21.674999237060547, "MSFT": 397.0809020996094, "HD": 345.9599914550781, "KO": 83.07499694824219, "BAC": 61.82500076293945, "COST": 924.6799926757812, "AAPL": 323.95001220703125, "PG": 148.4199981689453, "V": 358.17999267578125, "DUK": 126.55999755859375, "ABBV": 247.4499969482422, "JNJ": 252.88499450683594, "MMM": 161.8000946044922, "XOM": 143.55499267578125, "MA": 539.5900268554688, "MO": 71.04000091552734, "NVDA": 209.83990478515625}