{"KO": 84.15499877929688, "V": 346.7300109863281, "COST": 958.4949951171875, "GOOGL": 361.0050048828125, "DUK": 128.09500122070312, "META": 602.375, "MA": 519.8099975585938, "UNH": 427.5199890136719, "AMZN": 241.26499938964844, "XOM": 142.77000427246094, "PEP": 144.22999572753906, "MRK": 126.2300033569336, "MO": 73.66000366210938, "VZ": 42.97169876098633, "JNJ": 266.1200866699219, "CVX": 177.8800048828125, "IBM": 301.7200012207031, "NEE": 88.12000274658203, "AVGO": 389.2149963378906, "PM": 188.2949981689453, "WMT": 112.80500030517578, "PG": 149.4250030517578, "MMM": 153.88999938964844, "BAC": 58.599998474121094, "AAPL": 309.614990234375, "MSFT": 382.5799865722656, "TSLA": 392.1400146484375, "T": 21.28499984741211, "JPM": 332.5799865722656, "HD": 333.5799865722656, "SO": 97.08999633789062, "NFLX": 75.30889892578125, "NVDA": 198.1020050048828, "ABBV": 254.1699981689453, "O": 63.44499969482422, "DOW": 29.780000686645508}