{"NFLX": 70.18000030517578, "MO": 72.90149688720703, "COST": 932.4199829101562, "MMM": 170.57000732421875, "CVX": 194.47500610351562, "MRK": 131.3000030517578, "AMZN": 232.92999267578125, "V": 353.44000244140625, "IBM": 215.35000610351562, "SO": 97.25, "O": 65.33499908447266, "AAPL": 333.07000732421875, "GOOGL": 319.6099853515625, "HD": 331.25, "XOM": 156.47000122070312, "UNH": 420.2749938964844, "PG": 146.86000061035156, "AVGO": 383.8949890136719, "VZ": 45.55500030517578, "PM": 194.1199951171875, "META": 601.864990234375, "DOW": 29.899999618530273, "JPM": 352.7200012207031, "JNJ": 262.489990234375, "T": 23.780000686645508, "MA": 534.7000122070312, "ABBV": 258.5950012207031, "BAC": 62.005001068115234, "KO": 82.05500030517578, "NVDA": 210.02000427246094, "NEE": 89.33999633789062, "TSLA": 308.4508972167969, "WMT": 109.1050033569336, "PEP": 136.42010498046875, "MSFT": 384.5400085449219, "DUK": 129.94000244140625}