{"AMZN": 234.1199951171875, "MSFT": 380.6099853515625, "COST": 918.39501953125, "MMM": 169.93499755859375, "HD": 325.44500732421875, "AAPL": 320.22100830078125, "KO": 81.05999755859375, "TSLA": 323.3200988769531, "SO": 96.25, "UNH": 422.42498779296875, "XOM": 157.52000427246094, "CVX": 196.26499938964844, "NEE": 89.98999786376953, "VZ": 43.9474983215332, "NVDA": 210.17999267578125, "META": 603.0499877929688, "JNJ": 258.19000244140625, "PEP": 134.9499969482422, "T": 22.8981990814209, "MRK": 130.32000732421875, "JPM": 347.9800109863281, "NFLX": 68.51499938964844, "PG": 146.25999450683594, "MO": 71.87999725341797, "PM": 191.5800018310547, "V": 350.44000244140625, "AVGO": 392.989990234375, "BAC": 61.04499816894531, "IBM": 205.89999389648438, "ABBV": 256.5799865722656, "DOW": 31.1200008392334, "WMT": 107.80500030517578, "DUK": 128.89999389648438, "MA": 527.0900268554688, "GOOGL": 319.56500244140625, "O": 64.72000122070312}