{"T": 22.155000686645508, "BAC": 61.42499923706055, "AAPL": 331.9750061035156, "TSLA": 389.8900146484375, "MO": 72.43499755859375, "NFLX": 74.28990173339844, "MMM": 161.25, "IBM": 219.47999572753906, "V": 362.17999267578125, "UNH": 427.3500061035156, "HD": 345.5, "CVX": 184.4550018310547, "PM": 187.60000610351562, "ABBV": 252.49000549316406, "DUK": 125.5250015258789, "MRK": 128.1999969482422, "AVGO": 376.3949890136719, "KO": 84.80000305175781, "MA": 548.3250122070312, "COST": 942.8200073242188, "VZ": 44.125, "WMT": 115.27999877929688, "JNJ": 250.0800018310547, "NVDA": 206.88999938964844, "XOM": 146.3000030517578, "MSFT": 404.0799865722656, "SO": 95.54000091552734, "JPM": 342.7749938964844, "O": 65.42500305175781, "GOOGL": 359.6050109863281, "AMZN": 252.02999877929688, "PEP": 139.34500122070312, "META": 668.9199829101562, "NEE": 88.94999694824219, "DOW": 29.66950035095215, "PG": 150.74000549316406}