{"NFLX": 82.15499877929688, "VZ": 45.275001525878906, "IBM": 281.5849914550781, "UNH": 404.1199951171875, "ABBV": 221.89500427246094, "XOM": 151.14999389648438, "NEE": 85.05069732666016, "JNJ": 231.36000061035156, "GOOGL": 362.5799865722656, "BAC": 53.95500183105469, "KO": 79.41010284423828, "PG": 145.28500366210938, "V": 319.739990234375, "SO": 91.36000061035156, "CVX": 189.2100067138672, "T": 22.61009979248047, "JPM": 312.55999755859375, "MRK": 119.62000274658203, "META": 587.6950073242188, "PM": 175.16000366210938, "HD": 310.7449951171875, "NVDA": 208.41000366210938, "DUK": 122.41999816894531, "AAPL": 313.07000732421875, "WMT": 119.5, "DOW": 33.69499969482422, "COST": 973.6942749023438, "PEP": 140.36000061035156, "MA": 484.6499938964844, "MMM": 155.05499267578125, "MSFT": 409.8699951171875, "AVGO": 394.27850341796875, "AMZN": 246.02999877929688, "O": 60.089900970458984, "TSLA": 405.9999084472656, "MO": 71.47969818115234}