{"ABBV": 254.0399932861328, "V": 341.2699890136719, "PG": 147.75, "MSFT": 368.0249938964844, "BAC": 58.224998474121094, "MMM": 163.77999877929688, "MA": 510.9100036621094, "GOOGL": 351.85009765625, "AAPL": 280.2149963378906, "DUK": 128.5050048828125, "WMT": 114.6500015258789, "UNH": 418.989990234375, "JPM": 331.8800048828125, "COST": 948.364990234375, "NFLX": 74.90499877929688, "VZ": 43.45500183105469, "PM": 181.44000244140625, "TSLA": 404.2950134277344, "KO": 82.79499816894531, "AVGO": 370.010009765625, "DOW": 27.635000228881836, "T": 21.649999618530273, "AMZN": 239.8699951171875, "CVX": 169.39999389648438, "SO": 97.12000274658203, "META": 564.239990234375, "IBM": 276.2900085449219, "JNJ": 257.1400146484375, "PEP": 138.5050048828125, "MRK": 129.10000610351562, "MO": 73.63999938964844, "O": 62.630001068115234, "XOM": 136.44000244140625, "HD": 348.9700012207031, "NVDA": 192.72999572753906}