{"BAC": 50.94499969482422, "PG": 142.4600067138672, "PEP": 150.9199981689453, "MA": 505.54998779296875, "T": 24.829999923706055, "DUK": 124.19000244140625, "VZ": 47.38999938964844, "META": 601.8800048828125, "KO": 82.11000061035156, "MMM": 149.47999572753906, "SO": 94.7699966430664, "PM": 191.6699981689453, "NEE": 89.9000015258789, "UNH": 393.07000732421875, "WMT": 134.89999389648438, "AAPL": 296.3900146484375, "AVGO": 410.32000732421875, "MO": 73.88999938964844, "O": 62.2400016784668, "GOOGL": 386.19000244140625, "MSFT": 418.7349853515625, "JPM": 297.80499267578125, "HD": 301.8999938964844, "COST": 1094.22998046875, "XOM": 161.72000122070312, "V": 331.80999755859375, "ABBV": 214.99000549316406, "TSLA": 396.8900146484375, "DOW": 37.709999084472656, "CVX": 195.6750030517578, "NFLX": 89.61000061035156, "AMZN": 255.85000610351562, "NVDA": 220.32000732421875, "MRK": 114.69999694824219, "IBM": 222.64999389648438, "JNJ": 230.10499572753906}