{"BAC": 51.459999084472656, "DOW": 35.89500045776367, "O": 62.224998474121094, "PM": 188.4600067138672, "JPM": 302.9700012207031, "META": 607.6400146484375, "WMT": 121.33000183105469, "AVGO": 414.5299987792969, "T": 25.344999313354492, "IBM": 252.97500610351562, "SO": 94.25499725341797, "KO": 81.1500015258789, "TSLA": 417.7500915527344, "GOOGL": 387.6600036621094, "XOM": 155.27000427246094, "MA": 499.4700012207031, "MSFT": 419.0400085449219, "AAPL": 305.0899963378906, "MO": 73.69999694824219, "HD": 313.7749938964844, "PG": 143.41000366210938, "NFLX": 89.31999969482422, "NEE": 89.67500305175781, "NVDA": 219.5, "UNH": 382.57000732421875, "V": 331.0799865722656, "MMM": 151.61000061035156, "CVX": 191.00999450683594, "VZ": 48.244998931884766, "COST": 1050.449951171875, "MRK": 115.87000274658203, "JNJ": 231.72000122070312, "DUK": 124.6500015258789, "PEP": 148.8699951171875, "AMZN": 268.3900146484375, "ABBV": 214.57000732421875}