{"PG": 151.14999389648438, "COST": 949.8350219726562, "ABBV": 216.82000732421875, "KO": 79.34500122070312, "SO": 93.3949966430664, "MO": 69.0999984741211, "VZ": 45.470001220703125, "HD": 334.7950134277344, "MSFT": 377.67999267578125, "O": 60.70500183105469, "MMM": 161.51499938964844, "META": 574.3300170898438, "AVGO": 407.3450012207031, "AAPL": 297.5350036621094, "NVDA": 210.19000244140625, "CVX": 173.77499389648438, "MA": 489.7300109863281, "UNH": 402.875, "JNJ": 229.27999877929688, "DOW": 31.809999465942383, "JPM": 328.2099914550781, "WMT": 117.2699966430664, "PEP": 141.64999389648438, "GOOGL": 367.54998779296875, "NFLX": 77.23500061035156, "V": 328.32000732421875, "IBM": 249.05999755859375, "MRK": 114.13500213623047, "DUK": 123.81999969482422, "AMZN": 242.9499969482422, "BAC": 56.30500030517578, "NEE": 86.76000213623047, "TSLA": 394.7699890136719, "T": 22.1200008392334, "XOM": 137.6300048828125, "PM": 179.11500549316406}