{"PM": 189.7209930419922, "MO": 73.45999908447266, "AVGO": 386.42999267578125, "UNH": 433.5400085449219, "SO": 93.73999786376953, "O": 64.87999725341797, "ABBV": 255.6300048828125, "META": 647.219970703125, "TSLA": 378.5299987792969, "DUK": 125.63999938964844, "HD": 330.75, "JNJ": 249.5500030517578, "KO": 82.11640167236328, "CVX": 190.22999572753906, "VZ": 43.57500076293945, "WMT": 110.40499877929688, "PG": 147.6999969482422, "JPM": 345.0400085449219, "V": 357.25, "MA": 539.2750244140625, "AMZN": 247.55999755859375, "T": 22.174999237060547, "MSFT": 398.1600036621094, "MRK": 125.9000015258789, "DOW": 30.569700241088867, "XOM": 151.32000732421875, "AAPL": 328.20098876953125, "NEE": 87.80500030517578, "GOOGL": 348.75, "IBM": 210.8000030517578, "COST": 930.6099853515625, "MMM": 170.3699951171875, "NVDA": 207.14999389648438, "NFLX": 67.65499877929688, "BAC": 61.275001525878906, "PEP": 134.9199981689453}