{"O": 61.599998474121094, "TSLA": 374.0815124511719, "META": 543.7949829101562, "NFLX": 71.59500122070312, "WMT": 115.58000183105469, "MA": 492.3399963378906, "UNH": 414.4700012207031, "PEP": 139.7100067138672, "MMM": 168.00999450683594, "XOM": 136.7100067138672, "BAC": 57.959999084472656, "IBM": 258.010009765625, "ABBV": 242.67999267578125, "JNJ": 244.41000366210938, "MRK": 123.5999984741211, "AMZN": 228.02999877929688, "DUK": 126.70999908447266, "KO": 80.01499938964844, "COST": 940.0, "VZ": 45.974998474121094, "NEE": 87.5250015258789, "T": 22.43000030517578, "JPM": 335.69500732421875, "SO": 95.51000213623047, "AVGO": 379.7049865722656, "PG": 148.72000122070312, "CVX": 171.3699951171875, "AAPL": 277.70001220703125, "MO": 72.8550033569336, "MSFT": 351.239990234375, "PM": 178.0449981689453, "V": 333.20001220703125, "DOW": 29.145000457763672, "GOOGL": 340.885009765625, "NVDA": 195.27000427246094, "HD": 344.625}