{"T": 24.045000076293945, "AAPL": 300.2200012207031, "V": 325.75, "O": 61.13999938964844, "DUK": 120.97000122070312, "JNJ": 226.73500061035156, "AVGO": 425.75, "AMZN": 264.2099914550781, "PM": 189.67999267578125, "COST": 1049.5, "MMM": 146.22000122070312, "VZ": 46.38999938964844, "PG": 141.6199951171875, "MA": 494.4200134277344, "MO": 73.0999984741211, "GOOGL": 396.7900085449219, "MRK": 111.4000015258789, "NVDA": 225.22999572753906, "ABBV": 210.3699951171875, "MSFT": 422.0400085449219, "HD": 297.5299987792969, "XOM": 157.92999267578125, "TSLA": 422.1300048828125, "BAC": 49.76499938964844, "IBM": 219.32000732421875, "WMT": 131.50999450683594, "NFLX": 87.04000091552734, "JPM": 297.864990234375, "KO": 80.82499694824219, "SO": 92.56999969482422, "UNH": 393.82000732421875, "DOW": 38.7400016784668, "NEE": 93.37000274658203, "PEP": 149.1300048828125, "META": 614.4500122070312, "CVX": 191.08999633789062}