{"NFLX": 68.72000122070312, "V": 358.4649963378906, "O": 65.875, "WMT": 115.44999694824219, "META": 629.8099975585938, "HD": 344.8599853515625, "NEE": 89.55999755859375, "MO": 74.28500366210938, "AMZN": 248.30999755859375, "DOW": 29.815000534057617, "PEP": 138.27999877929688, "AAPL": 333.1400146484375, "PG": 151.5399932861328, "MMM": 162.10989379882812, "DUK": 126.5, "XOM": 147.80999755859375, "BAC": 61.67499923706055, "COST": 941.8250122070312, "SO": 96.4749984741211, "TSLA": 381.906005859375, "VZ": 44.22999954223633, "JPM": 344.4649963378906, "KO": 82.80500030517578, "MRK": 129.4199981689453, "NVDA": 204.77000427246094, "ABBV": 257.9800109863281, "PM": 192.17999267578125, "GOOGL": 347.4100036621094, "JNJ": 253.4949951171875, "T": 22.135000228881836, "UNH": 432.0249938964844, "CVX": 185.9949951171875, "MSFT": 392.3599853515625, "MA": 542.60498046875, "AVGO": 371.18499755859375, "IBM": 211.2200927734375}