{"IBM": 253.85000610351562, "MMM": 152.4499969482422, "MO": 73.91000366210938, "VZ": 48.36000061035156, "AVGO": 414.1199951171875, "GOOGL": 383.0, "O": 62.02000045776367, "HD": 312.9849853515625, "BAC": 51.79999923706055, "MSFT": 418.5799865722656, "NVDA": 215.25, "AMZN": 266.29998779296875, "XOM": 154.86500549316406, "NEE": 88.55500030517578, "ABBV": 215.8000030517578, "META": 610.3699951171875, "JNJ": 234.3800048828125, "SO": 94.55999755859375, "T": 25.260000228881836, "NFLX": 88.5999984741211, "UNH": 388.5799865722656, "PG": 144.43499755859375, "KO": 81.48999786376953, "CVX": 191.42999267578125, "V": 328.8800048828125, "PEP": 150.55999755859375, "DUK": 125.6500015258789, "MRK": 122.41999816894531, "PM": 188.97000122070312, "AAPL": 308.8800048828125, "MA": 498.5299987792969, "WMT": 120.26000213623047, "JPM": 306.3699951171875, "TSLA": 425.9482116699219, "DOW": 36.0, "COST": 1027.93994140625}