{"HD": 307.8399963378906, "PG": 142.9907989501953, "AAPL": 299.9800109863281, "V": 329.6000061035156, "META": 604.6400146484375, "WMT": 132.8699951171875, "NFLX": 88.125, "MO": 73.94999694824219, "NVDA": 224.09500122070312, "GOOGL": 384.7200012207031, "DUK": 124.5199966430664, "MSFT": 419.09991455078125, "KO": 82.19999694824219, "CVX": 193.5, "MMM": 149.00999450683594, "JNJ": 229.46499633789062, "IBM": 222.85000610351562, "PM": 187.7899932861328, "MA": 495.3999938964844, "BAC": 51.310001373291016, "JPM": 301.8598937988281, "DOW": 36.3650016784668, "MRK": 113.12000274658203, "VZ": 47.685001373291016, "UNH": 384.2799987792969, "AMZN": 263.7300109863281, "XOM": 158.81500244140625, "TSLA": 411.635009765625, "AVGO": 419.1650085449219, "COST": 1085.1500244140625, "ABBV": 211.72950744628906, "PEP": 150.0850067138672, "SO": 93.89710235595703, "NEE": 88.94999694824219, "T": 24.94499969482422, "O": 62.010398864746094}