{"MO": 73.01000213623047, "MRK": 131.5749969482422, "O": 65.38500213623047, "MSFT": 384.0, "TSLA": 308.9849853515625, "V": 354.76190185546875, "XOM": 156.8000030517578, "KO": 82.18499755859375, "JPM": 352.2699890136719, "UNH": 420.05999755859375, "PM": 194.3800048828125, "NEE": 89.37999725341797, "COST": 934.3900146484375, "AMZN": 231.77499389648438, "IBM": 214.610107421875, "PG": 146.69000244140625, "DUK": 130.2949981689453, "VZ": 45.960201263427734, "ABBV": 258.7300109863281, "MA": 537.8599853515625, "GOOGL": 319.7799987792969, "SO": 97.31500244140625, "WMT": 109.4000015258789, "BAC": 61.845001220703125, "META": 600.6950073242188, "JNJ": 263.3999938964844, "AVGO": 381.04998779296875, "HD": 331.17999267578125, "T": 23.960100173950195, "MMM": 170.67999267578125, "NVDA": 205.85000610351562, "NFLX": 70.49250030517578, "CVX": 195.1300048828125, "DOW": 29.809999465942383, "PEP": 136.88999938964844, "AAPL": 333.0899963378906}