{"HD": 340.1400146484375, "TSLA": 373.6300048828125, "WMT": 132.02999877929688, "CVX": 187.58999633789062, "NEE": 96.27999877929688, "MMM": 144.85000610351562, "IBM": 231.0, "MO": 67.16000366210938, "AMZN": 255.1199951171875, "MA": 502.3999938964844, "KO": 76.30500030517578, "XOM": 150.5399932861328, "DOW": 38.529998779296875, "NFLX": 92.83000183105469, "ABBV": 200.99000549316406, "GOOGL": 339.0, "O": 64.05999755859375, "PM": 169.27000427246094, "AAPL": 273.44000244140625, "JPM": 311.70001220703125, "AVGO": 419.9800109863281, "V": 308.8299865722656, "MRK": 114.62000274658203, "META": 659.3300170898438, "JNJ": 230.6300048828125, "BAC": 52.435001373291016, "SO": 93.91999816894531, "UNH": 354.5199890136719, "NVDA": 199.7100067138672, "DUK": 128.00999450683594, "T": 26.635000228881836, "PG": 145.72000122070312, "PEP": 155.6999969482422, "VZ": 47.244998931884766, "MSFT": 415.75, "COST": 1014.3599853515625}