{"BAC": 61.810001373291016, "PEP": 135.4600067138672, "MMM": 170.10499572753906, "DUK": 130.3300018310547, "UNH": 422.82000732421875, "T": 23.65850067138672, "JPM": 350.2699890136719, "CVX": 195.64500427246094, "META": 606.125, "NEE": 89.30999755859375, "MSFT": 383.0400085449219, "VZ": 45.140098571777344, "HD": 325.25, "KO": 81.87000274658203, "TSLA": 312.75, "MA": 535.8200073242188, "NVDA": 208.02000427246094, "COST": 933.719970703125, "DOW": 29.459999084472656, "PM": 195.18499755859375, "WMT": 109.05000305175781, "AAPL": 328.8800048828125, "ABBV": 259.31500244140625, "IBM": 212.36500549316406, "AMZN": 232.0281982421875, "MRK": 130.91000366210938, "XOM": 158.30499267578125, "SO": 97.66000366210938, "MO": 73.3499984741211, "V": 354.20001220703125, "O": 65.48999786376953, "AVGO": 383.57000732421875, "NFLX": 69.22000122070312, "GOOGL": 319.05999755859375, "JNJ": 262.82000732421875, "PG": 147.27499389648438}