{"MRK": 112.69000244140625, "NFLX": 93.38500213623047, "BAC": 53.82500076293945, "KO": 74.8949966430664, "VZ": 46.77009963989258, "O": 64.2750015258789, "T": 26.165000915527344}