{"MMM": 145.75, "PM": 160.89999389648438, "MSFT": 425.05999755859375, "T": 25.520000457763672, "ABBV": 197.39999389648438, "GOOGL": 350.3399963378906, "HD": 332.260009765625, "DOW": 38.084999084472656, "DUK": 127.0999984741211, "MA": 506.54998779296875, "NFLX": 91.38999938964844, "META": 678.4600219726562, "UNH": 354.7300109863281, "O": 62.7400016784668, "KO": 75.44999694824219, "JPM": 311.7300109863281, "TSLA": 378.70001220703125, "AVGO": 418.32000732421875, "XOM": 148.19000244140625, "WMT": 127.56999969482422, "SO": 93.77999877929688, "MRK": 110.23999786376953, "COST": 998.0390014648438, "IBM": 228.0500030517578, "JNJ": 225.33999633789062, "VZ": 47.08000183105469, "PG": 148.38999938964844, "V": 309.7099914550781, "NEE": 94.8499984741211, "AAPL": 267.67999267578125, "BAC": 52.63999938964844, "NVDA": 216.6300048828125, "PEP": 154.10000610351562, "AMZN": 261.0799865722656, "CVX": 184.8800048828125, "MO": 66.01000213623047}