{"JNJ": 253.36500549316406, "ABBV": 244.8863983154297, "JPM": 341.8399963378906, "CVX": 182.09500122070312, "MMM": 156.19000244140625, "META": 656.0800170898438, "SO": 96.29499816894531, "NEE": 89.48999786376953, "NVDA": 208.80999755859375, "XOM": 145.00999450683594, "MO": 70.70999908447266, "NFLX": 73.52999877929688, "TSLA": 395.80499267578125, "WMT": 114.58000183105469, "T": 21.30500030517578, "AVGO": 393.7850036621094, "VZ": 42.315101623535156, "BAC": 60.69499969482422, "UNH": 426.989990234375, "PEP": 136.34500122070312, "DOW": 30.439800262451172, "HD": 337.4800109863281, "AAPL": 313.1650085449219, "O": 63.9901008605957, "DUK": 126.81500244140625, "AMZN": 245.10000610351562, "COST": 924.7374877929688, "IBM": 216.84500122070312, "V": 357.4800109863281, "MA": 540.5549926757812, "PM": 178.83999633789062, "MRK": 121.04000091552734, "MSFT": 384.45001220703125, "PG": 145.8300018310547, "KO": 83.8499984741211, "GOOGL": 355.5950012207031}