{"NEE": 87.92500305175781, "COST": 936.14501953125, "O": 62.51499938964844, "DOW": 27.44499969482422, "AAPL": 288.3699951171875, "BAC": 57.2510986328125, "AVGO": 374.19000244140625, "WMT": 113.30999755859375, "SO": 96.28500366210938, "JPM": 329.1099853515625, "PEP": 135.96499633789062, "DUK": 127.54000091552734, "NVDA": 197.84669494628906, "VZ": 42.244998931884766, "MMM": 162.61500549316406, "PM": 180.4600067138672, "HD": 352.1300048828125, "JNJ": 256.05999755859375, "V": 342.8900146484375, "ABBV": 253.1300048828125, "T": 20.735000610351562, "MO": 72.3499984741211, "PG": 145.27000427246094, "META": 555.3900146484375, "NFLX": 72.50499725341797, "KO": 81.94000244140625, "MA": 511.94000244140625, "GOOGL": 356.135009765625, "MSFT": 369.6947021484375, "IBM": 277.7699890136719, "AMZN": 238.2449951171875, "TSLA": 415.1199951171875, "XOM": 136.19000244140625, "CVX": 167.97999572753906, "MRK": 128.35000610351562, "UNH": 416.30999755859375}