{"TSLA": 379.9100036621094, "UNH": 434.6099853515625, "CVX": 189.9600067138672, "AMZN": 248.50999450683594, "SO": 93.83499908447266, "AAPL": 327.1700134277344, "DOW": 30.709999084472656, "BAC": 61.42499923706055, "MA": 540.4000244140625, "KO": 82.11499786376953, "MRK": 125.5199966430664, "MO": 73.31500244140625, "COST": 928.6400146484375, "XOM": 150.86500549316406, "VZ": 43.380001068115234, "NVDA": 206.8300018310547, "V": 357.8800048828125, "PEP": 134.86000061035156, "PG": 147.6699981689453, "NEE": 88.05500030517578, "DUK": 125.6500015258789, "MSFT": 398.6600036621094, "HD": 331.75, "JNJ": 249.22000122070312, "META": 646.969970703125, "T": 22.0049991607666, "WMT": 110.26499938964844, "AVGO": 386.6300048828125, "MMM": 171.0749969482422, "PM": 190.0800018310547, "O": 64.88999938964844, "GOOGL": 348.95001220703125, "IBM": 210.99000549316406, "JPM": 344.8900146484375, "NFLX": 67.09500122070312, "ABBV": 255.28500366210938}