{"HD": 349.1300048828125, "AAPL": 279.97698974609375, "NVDA": 193.1999969482422, "MO": 73.45999908447266, "UNH": 426.5899963378906, "MRK": 127.91999816894531, "META": 554.1599731445312, "ABBV": 248.9600067138672, "DUK": 128.1649932861328, "KO": 81.7300033569336, "MA": 499.2300109863281, "VZ": 46.314998626708984, "NFLX": 74.73999786376953, "SO": 97.0999984741211, "AVGO": 367.69000244140625, "JNJ": 253.4499969482422, "NEE": 88.08000183105469, "CVX": 170.6699981689453, "T": 22.4950008392334, "PEP": 141.97999572753906, "DOW": 29.059999465942383, "JPM": 331.4800109863281, "COST": 959.9099731445312, "V": 337.3999938964844, "MMM": 165.94000244140625, "PG": 149.69000244140625, "O": 63.0099983215332, "TSLA": 382.1099853515625, "MSFT": 368.25, "XOM": 136.4600067138672, "BAC": 57.82500076293945, "PM": 181.82000732421875, "AMZN": 231.4600067138672, "IBM": 268.875, "WMT": 117.16999816894531}