{"MO": 71.94499969482422, "PG": 146.50999450683594, "AMZN": 238.25, "CVX": 165.80499267578125, "HD": 352.375, "ABBV": 251.4199981689453, "PM": 180.85000610351562, "DOW": 27.3700008392334, "IBM": 281.2300109863281, "NVDA": 199.77000427246094, "BAC": 56.970001220703125, "O": 61.959999084472656, "XOM": 136.49000549316406, "COST": 935.2100219726562, "T": 20.690000534057617, "WMT": 113.22000122070312, "AAPL": 289.0899963378906, "VZ": 42.314998626708984, "META": 563.0999755859375, "SO": 95.69999694824219, "MRK": 128.4499969482422, "UNH": 415.3599853515625, "GOOGL": 357.0799865722656, "V": 342.6300048828125, "MSFT": 372.8399963378906, "JNJ": 254.00999450683594, "MMM": 161.91000366210938, "JPM": 327.2300109863281, "NFLX": 71.37999725341797, "AVGO": 377.07000732421875, "PEP": 135.41000366210938, "TSLA": 420.32000732421875, "MA": 513.4500122070312, "NEE": 87.73999786376953, "DUK": 126.52999877929688}