{"WMT": 131.32000732421875, "AMZN": 269.5299987792969, "V": 321.57989501953125, "SO": 92.9800033569336, "MMM": 147.3300018310547, "NFLX": 88.08999633789062, "DUK": 124.20999908447266, "CVX": 185.4199981689453, "META": 616.5999755859375, "IBM": 214.3800048828125, "GOOGL": 402.3450012207031, "PEP": 149.58999633789062, "JPM": 301.5, "KO": 80.375, "PG": 142.3249969482422, "COST": 1032.25, "AVGO": 418.3500061035156, "HD": 302.5249938964844, "VZ": 47.404998779296875, "MO": 71.41999816894531, "O": 61.39500045776367, "T": 24.799999237060547, "BAC": 50.095001220703125, "ABBV": 208.61000061035156, "NVDA": 226.49000549316406, "XOM": 151.3800048828125, "MRK": 113.77999877929688, "MSFT": 404.8500061035156, "UNH": 401.2449951171875, "AAPL": 298.9200134277344, "PM": 188.77999877929688, "DOW": 39.13999938964844, "NEE": 95.27999877929688, "MA": 492.7099914550781, "TSLA": 445.5, "JNJ": 230.25999450683594}