{"KO": 81.29769897460938, "MSFT": 418.57989501953125, "HD": 312.42999267578125, "MO": 73.70999908447266, "UNH": 388.32000732421875, "PEP": 149.7899932861328, "T": 25.334999084472656, "GOOGL": 385.5, "NFLX": 88.375, "NEE": 88.6050033569336, "AMZN": 268.67999267578125, "MMM": 153.0330047607422, "JNJ": 234.22000122070312, "AVGO": 413.69000244140625, "V": 329.989990234375, "VZ": 48.44499969482422, "BAC": 51.970001220703125, "XOM": 153.82000732421875, "META": 609.0250244140625, "DUK": 125.20500183105469, "CVX": 190.57000732421875, "AAPL": 309.5299987792969, "MA": 499.0249938964844, "ABBV": 216.5800018310547, "MRK": 121.51000213623047, "SO": 94.31999969482422, "WMT": 119.9000015258789, "PG": 144.1199951171875, "NVDA": 218.1199951171875, "COST": 1029.1240234375, "TSLA": 428.75, "JPM": 306.75, "IBM": 256.3500061035156, "DOW": 35.810001373291016, "O": 62.10499954223633, "PM": 188.80499267578125}