{"AVGO": 419.0299987792969, "NFLX": 81.56999969482422, "T": 22.790000915527344, "PG": 140.7899932861328, "META": 627.5399780273438, "MO": 70.6050033569336, "V": 320.19000244140625, "XOM": 152.08999633789062, "HD": 310.010009765625, "SO": 91.6050033569336, "PM": 175.0, "AAPL": 311.1600036621094, "DUK": 121.83000183105469, "VZ": 44.869998931884766, "NVDA": 218.71499633789062, "DOW": 34.79499816894531, "MMM": 152.8000030517578, "PEP": 142.14999389648438, "KO": 76.83999633789062, "CVX": 188.33999633789062, "IBM": 301.8500061035156, "JPM": 310.8900146484375, "COST": 972.47998046875, "JNJ": 228.22000122070312, "MA": 481.8500061035156, "UNH": 396.55999755859375, "WMT": 117.75499725341797, "BAC": 54.11000061035156, "ABBV": 224.91000366210938, "MRK": 120.2699966430664, "NEE": 85.66000366210938, "O": 59.744998931884766, "AMZN": 253.91000366210938, "GOOGL": 372.3299865722656, "MSFT": 428.0799865722656, "TSLA": 418.4599914550781}