{"KO": 76.50499725341797, "COST": 1009.0001220703125, "NVDA": 209.1999969482422, "PG": 148.4499969482422, "ABBV": 198.50999450683594, "UNH": 353.5950012207031, "AVGO": 421.5400085449219, "NFLX": 92.44999694824219, "CVX": 184.10499572753906, "PM": 163.27999877929688, "DOW": 38.529998779296875, "NEE": 95.94000244140625, "MRK": 111.95999908447266, "GOOGL": 343.9150085449219, "BAC": 52.04999923706055, "T": 26.200000762939453, "AMZN": 263.5249938964844, "XOM": 147.69000244140625, "MSFT": 421.0400085449219, "AAPL": 269.95001220703125, "META": 675.7987060546875, "IBM": 229.67999267578125, "PEP": 155.13999938964844, "WMT": 130.27000427246094, "MA": 504.55999755859375, "MO": 66.40409851074219, "O": 63.459999084472656, "JPM": 308.5400085449219, "SO": 93.31999969482422, "V": 308.5299987792969, "TSLA": 375.92498779296875, "VZ": 46.6150016784668, "MMM": 145.4199981689453, "JNJ": 227.9949951171875, "HD": 335.260009765625, "DUK": 127.12999725341797}