{"AMZN": 271.8673095703125, "NFLX": 87.33499908447266, "O": 62.20500183105469, "WMT": 118.54499816894531, "PEP": 147.74000549316406, "MRK": 120.25, "MA": 495.489990234375, "CVX": 182.39999389648438, "UNH": 384.0899963378906, "TSLA": 440.29998779296875, "AVGO": 421.94000244140625, "JNJ": 231.32000732421875, "NEE": 87.6449966430664, "DUK": 125.37999725341797, "META": 635.2550048828125, "VZ": 48.2599983215332, "DOW": 34.4900016784668, "JPM": 299.2699890136719, "SO": 93.7699966430664, "KO": 81.62000274658203, "GOOGL": 388.864990234375, "MO": 72.12999725341797, "T": 24.90999984741211, "MSFT": 412.69000244140625, "PG": 147.52999877929688, "IBM": 255.3300018310547, "COST": 1003.7899780273438, "BAC": 51.099998474121094, "XOM": 148.0, "MMM": 155.17999267578125, "NVDA": 212.5800018310547, "V": 327.6099853515625, "AAPL": 310.92999267578125, "ABBV": 215.41000366210938, "PM": 182.02999877929688, "HD": 318.010009765625}