{"KO": 80.26000213623047, "BAC": 49.84000015258789, "O": 61.505001068115234, "PEP": 149.25999450683594, "AVGO": 416.8999938964844, "COST": 1032.989990234375, "HD": 302.6199951171875, "MRK": 113.47000122070312, "MA": 490.6099853515625, "DOW": 38.82500076293945, "SO": 93.13999938964844, "XOM": 151.58999633789062, "GOOGL": 402.6400146484375, "AMZN": 270.0799865722656, "MMM": 147.1199951171875, "ABBV": 208.5399932861328, "DUK": 123.8949966430664, "NEE": 94.86499786376953, "TSLA": 445.18499755859375, "META": 616.5900268554688, "IBM": 214.6199951171875, "WMT": 131.47999572753906, "V": 320.3500061035156, "NFLX": 87.56999969482422, "MSFT": 405.1199951171875, "PM": 187.86000061035156, "JPM": 300.32000732421875, "PG": 142.25999450683594, "JNJ": 230.44000244140625, "T": 24.7450008392334, "MO": 71.55999755859375, "NVDA": 225.8699951171875, "VZ": 47.22999954223633, "CVX": 185.99000549316406, "AAPL": 298.8800048828125, "UNH": 401.1099853515625}