{"DUK": 127.12000274658203, "MSFT": 352.69000244140625, "GOOGL": 343.55999755859375, "O": 62.040000915527344, "TSLA": 375.1499938964844, "NEE": 87.70999908447266, "T": 22.420000076293945, "AAPL": 275.04998779296875, "KO": 80.45500183105469, "PM": 178.9199981689453, "JPM": 335.2099914550781, "MRK": 125.47000122070312, "VZ": 46.064998626708984, "JNJ": 244.97000122070312, "XOM": 137.55999755859375, "UNH": 415.80999755859375, "HD": 344.80999755859375, "IBM": 258.3699951171875, "MO": 73.2249984741211, "PEP": 139.52999877929688, "V": 330.7799987792969, "DOW": 29.315000534057617, "CVX": 172.27000427246094, "NFLX": 70.91500091552734, "ABBV": 243.39999389648438, "WMT": 115.7699966430664, "AVGO": 379.3299865722656, "MMM": 168.08999633789062, "AMZN": 227.1300048828125, "BAC": 58.20000076293945, "COST": 942.47998046875, "SO": 95.91000366210938, "PG": 148.51499938964844, "META": 542.8699951171875, "MA": 489.0400085449219, "NVDA": 195.74000549316406}