{"DOW": 29.30500030517578, "PEP": 139.41000366210938, "O": 65.75, "AMZN": 249.89999389648438, "UNH": 423.5400085449219, "MA": 551.530029296875, "JNJ": 249.5850067138672, "DUK": 126.05000305175781, "PM": 189.8300018310547, "COST": 945.3599853515625, "AVGO": 374.4599914550781, "VZ": 43.869998931884766, "MSFT": 401.1199951171875, "PG": 151.5, "NVDA": 207.47000122070312, "XOM": 145.97000122070312, "HD": 347.8500061035156, "MMM": 161.75999450683594, "MRK": 127.67500305175781, "MO": 73.02999877929688, "NEE": 89.3499984741211, "JPM": 343.0799865722656, "CVX": 183.8800048828125, "KO": 84.93000030517578, "BAC": 61.505001068115234, "T": 21.9950008392334, "V": 364.8999938964844, "META": 664.5399780273438, "ABBV": 254.3699951171875, "AAPL": 333.2699890136719, "SO": 96.05000305175781, "TSLA": 391.1000061035156, "WMT": 114.91999816894531, "NFLX": 74.58499908447266, "IBM": 219.24000549316406, "GOOGL": 354.2900085449219}