{"JNJ": 262.9700012207031, "XOM": 136.97000122070312, "BAC": 58.689998626708984, "KO": 83.97000122070312, "HD": 357.8299865722656, "PG": 151.39999389648438, "MRK": 129.52000427246094, "COST": 951.0900268554688, "PEP": 144.14999389648438, "MSFT": 389.6199951171875, "DUK": 129.55999755859375, "V": 361.5799865722656, "META": 582.6500244140625, "SO": 97.94999694824219, "TSLA": 392.82000732421875, "ABBV": 261.04998779296875, "NVDA": 194.6199951171875, "T": 20.56999969482422, "PM": 182.25, "UNH": 425.1400146484375, "AVGO": 360.3399963378906, "GOOGL": 359.54998779296875, "CVX": 169.1999969482422, "AAPL": 308.2200012207031, "O": 63.840999603271484, "MMM": 160.39999389648438, "VZ": 42.55500030517578, "NEE": 88.33999633789062, "AMZN": 242.27999877929688, "WMT": 111.70999908447266, "MO": 72.70500183105469, "DOW": 27.709999084472656, "JPM": 334.20001220703125, "IBM": 289.19000244140625, "NFLX": 77.5999984741211, "MA": 539.2899780273438}