{"PM": 188.97000122070312, "MO": 73.91000366210938, "MMM": 152.4499969482422, "NEE": 88.55500030517578, "PG": 144.43499755859375, "CVX": 191.42999267578125, "ABBV": 215.8000030517578, "DUK": 125.6500015258789, "AMZN": 266.29998779296875, "T": 25.260000228881836, "MSFT": 418.5799865722656, "NFLX": 88.5999984741211, "VZ": 48.36000061035156, "JPM": 306.3699951171875, "NVDA": 215.25, "HD": 312.9849853515625, "BAC": 51.79999923706055, "O": 62.02000045776367, "TSLA": 425.9482116699219, "MA": 498.5299987792969, "PEP": 150.55999755859375, "V": 328.8800048828125, "KO": 81.48999786376953, "META": 610.3699951171875, "IBM": 253.85000610351562, "DOW": 36.0, "JNJ": 234.3800048828125, "SO": 94.55999755859375, "WMT": 120.26000213623047, "XOM": 154.86500549316406, "COST": 1027.93994140625, "AAPL": 308.8800048828125, "AVGO": 414.1199951171875, "UNH": 388.5799865722656, "GOOGL": 383.0}