{"DOW": 38.77000045776367, "JNJ": 230.8300018310547, "PG": 142.75, "AMZN": 267.25, "MSFT": 409.4700012207031, "HD": 304.4200134277344, "BAC": 49.849998474121094, "KO": 80.4800033569336, "NEE": 95.69000244140625, "TSLA": 443.17999267578125, "META": 618.4299926757812, "SO": 93.67500305175781, "AAPL": 298.1650085449219, "MO": 72.40499877929688, "PM": 191.92999267578125, "PEP": 148.66000366210938, "ABBV": 210.77000427246094, "COST": 1041.300048828125, "CVX": 186.63999938964844, "MMM": 145.13999938964844, "DUK": 124.31999969482422, "IBM": 218.4499969482422, "MRK": 113.41999816894531, "WMT": 132.44000244140625, "JPM": 300.0150146484375, "AVGO": 439.4599914550781, "XOM": 152.77499389648438, "MA": 489.94000244140625, "GOOGL": 401.1199951171875, "NFLX": 86.94000244140625, "O": 61.96500015258789, "T": 24.65999984741211, "NVDA": 235.7449951171875, "UNH": 399.125, "VZ": 47.09000015258789, "V": 322.55999755859375}