{"CVX": 180.77999877929688, "COST": 983.9600219726562, "V": 325.1239929199219, "MO": 69.71499633789062, "O": 62.29499816894531, "AMZN": 246.52749633789062, "HD": 332.760009765625, "NFLX": 81.25080108642578, "DUK": 125.76000213623047, "WMT": 120.81999969482422, "IBM": 267.8699951171875, "ABBV": 222.06500244140625, "PM": 183.0489959716797, "DOW": 33.040000915527344, "MSFT": 399.5398864746094, "NEE": 86.33999633789062, "NVDA": 212.1999969482422, "PEP": 145.36000061035156, "BAC": 56.190101623535156, "META": 595.75, "JNJ": 236.2100067138672, "AVGO": 394.3599853515625, "VZ": 47.415000915527344, "MA": 489.9849853515625, "KO": 80.70999908447266, "TSLA": 411.2550048828125, "AAPL": 296.5199890136719, "UNH": 412.489990234375, "MMM": 158.60000610351562, "XOM": 141.3699951171875, "MRK": 115.3197021484375, "SO": 94.41500091552734, "T": 23.334999084472656, "GOOGL": 371.7900085449219, "PG": 150.90499877929688, "JPM": 321.06500244140625}