{"MA": 536.4050903320312, "COST": 919.7899780273438, "PM": 179.90499877929688, "TSLA": 397.20001220703125, "DOW": 29.510000228881836, "O": 63.665000915527344, "NVDA": 210.47999572753906, "VZ": 42.82500076293945, "MO": 70.58000183105469, "KO": 82.70500183105469, "V": 357.3974914550781, "META": 676.0349731445312, "WMT": 113.66000366210938, "PG": 148.0800018310547, "JPM": 345.5150146484375, "NEE": 88.69999694824219, "BAC": 61.314998626708984, "NFLX": 73.96499633789062, "AAPL": 327.6600036621094, "CVX": 180.66000366210938, "MRK": 123.57499694824219, "HD": 342.7449951171875, "UNH": 419.125, "AMZN": 254.9250030517578, "MMM": 159.81500244140625, "PEP": 136.27000427246094, "T": 21.424999237060547, "GOOGL": 372.3999938964844, "AVGO": 393.3999938964844, "DUK": 124.86000061035156, "JNJ": 248.77000427246094, "IBM": 212.69000244140625, "ABBV": 247.1999969482422, "MSFT": 396.5899963378906, "SO": 94.91999816894531, "XOM": 143.63999938964844}