{"MRK": 112.875, "MMM": 145.7899932861328, "DUK": 125.2699966430664, "AAPL": 273.19000244140625, "T": 25.985000610351562, "AVGO": 422.6000061035156, "MA": 510.1400146484375, "SO": 91.87000274658203, "BAC": 53.099998474121094, "MSFT": 432.67999267578125, "NVDA": 202.4199981689453, "HD": 339.3999938964844, "MO": 65.16999816894531, "META": 674.6699829101562, "NFLX": 93.20999908447266, "PG": 142.80999755859375, "NEE": 90.0199966430664, "IBM": 252.0, "PM": 163.99000549316406, "O": 63.349998474121094, "COST": 1003.469970703125, "CVX": 186.3300018310547, "DOW": 38.81999969482422, "PEP": 153.77999877929688, "JPM": 312.9700012207031, "VZ": 45.96500015258789, "GOOGL": 339.3699951171875, "XOM": 149.4600067138672, "JNJ": 226.0399932861328, "TSLA": 387.20001220703125, "UNH": 353.4200134277344, "AMZN": 255.33999633789062, "ABBV": 200.49000549316406, "KO": 74.62999725341797, "WMT": 129.9600067138672, "V": 311.20001220703125}