{"T": 21.875, "META": 645.55029296875, "HD": 332.7250061035156, "JPM": 340.3399963378906, "DOW": 30.274999618530273, "AVGO": 379.5, "MSFT": 396.510009765625, "ABBV": 253.9199981689453, "PM": 192.63499450683594, "IBM": 211.3000030517578, "VZ": 43.54249954223633, "AMZN": 250.92999267578125, "KO": 82.03500366210938, "PG": 149.52999877929688, "WMT": 113.51499938964844, "PEP": 136.13999938964844, "MMM": 160.89999389648438, "CVX": 188.92999267578125, "NEE": 88.84500122070312, "BAC": 60.8650016784668, "V": 361.04998779296875, "DUK": 126.66999816894531, "AAPL": 326.8399963378906, "MRK": 126.05500030517578, "TSLA": 374.260009765625, "NVDA": 205.53089904785156, "MA": 544.8250122070312, "UNH": 417.9949951171875, "SO": 95.59500122070312, "NFLX": 67.70999908447266, "GOOGL": 356.385009765625, "JNJ": 250.25, "COST": 942.1199951171875, "O": 65.62999725341797, "XOM": 148.1300048828125, "MO": 74.58000183105469}