{"XOM": 154.6699981689453, "BAC": 52.88999938964844, "NFLX": 92.16000366210938, "GOOGL": 350.0199890136719, "AVGO": 405.5799865722656, "DOW": 39.53499984741211, "VZ": 46.630001068115234, "AMZN": 263.29998779296875, "NEE": 94.19000244140625, "O": 63.310001373291016, "COST": 998.8499755859375, "WMT": 128.0449981689453, "KO": 78.9000015258789, "HD": 322.80999755859375, "IBM": 227.08999633789062, "MMM": 143.88999938964844, "SO": 93.52999877929688, "META": 669.9099731445312, "NVDA": 209.3000030517578, "MRK": 111.01000213623047, "V": 334.8500061035156, "ABBV": 204.1300048828125, "JPM": 309.239990234375, "PG": 146.47000122070312, "MO": 68.19999694824219, "AAPL": 270.19000244140625, "T": 25.780000686645508, "CVX": 192.2100067138672, "JNJ": 227.33999633789062, "MA": 525.1699829101562, "MSFT": 424.5899963378906, "TSLA": 372.79998779296875, "DUK": 126.55000305175781, "PM": 162.7899932861328, "UNH": 370.7099914550781, "PEP": 155.2899932861328}