{"ABBV": 234.92999267578125, "VZ": 45.73500061035156, "AVGO": 382.1000061035156, "MO": 72.06999969482422, "NEE": 87.62000274658203, "DOW": 29.3799991607666, "BAC": 57.7599983215332, "CVX": 171.5500030517578, "O": 62.02000045776367, "KO": 80.62000274658203, "IBM": 262.8699951171875, "MMM": 165.9199981689453, "JPM": 333.489990234375, "AMZN": 234.35000610351562, "MA": 494.6199951171875, "NFLX": 71.83000183105469, "META": 557.8049926757812, "COST": 960.9600219726562, "NVDA": 199.08999633789062, "PEP": 142.1999969482422, "SO": 95.76000213623047, "PM": 178.75999450683594, "DUK": 126.5199966430664, "XOM": 136.8800048828125, "MSFT": 365.45001220703125, "WMT": 119.0, "PG": 152.0500030517578, "GOOGL": 345.3599853515625, "AAPL": 293.260009765625, "TSLA": 375.3599853515625, "V": 332.32000732421875, "UNH": 405.5199890136719, "JNJ": 241.02000427246094, "HD": 342.7300109863281, "MRK": 120.66999816894531, "T": 22.3799991607666}