{"NVDA": 206.9600067138672, "VZ": 46.42499923706055, "BAC": 62.04499816894531, "SO": 97.27999877929688, "IBM": 214.1699981689453, "DOW": 29.844999313354492, "O": 65.59010314941406, "MMM": 172.60000610351562, "MO": 72.98999786376953, "AMZN": 232.07000732421875, "DUK": 130.5, "TSLA": 313.0, "AAPL": 333.07000732421875, "UNH": 420.6400146484375, "JPM": 353.1600036621094, "CVX": 194.72000122070312, "COST": 935.2899780273438, "PEP": 136.64999389648438, "PM": 192.97999572753906, "MRK": 131.08999633789062, "HD": 333.0199890136719, "META": 595.2000122070312, "ABBV": 259.2200012207031, "NFLX": 70.09500122070312, "JNJ": 263.4200134277344, "T": 24.110000610351562, "GOOGL": 319.7699890136719, "WMT": 109.45999908447266, "KO": 82.25, "XOM": 156.92999267578125, "AVGO": 381.9200134277344, "NEE": 89.7699966430664, "MSFT": 381.739990234375, "V": 355.6400146484375, "MA": 539.6599731445312, "PG": 147.3800048828125}