{"NFLX": 85.83000183105469, "V": 321.4700012207031, "UNH": 378.30010986328125, "MO": 68.66999816894531, "O": 59.96950149536133, "CVX": 186.35499572753906, "SO": 89.55999755859375, "ABBV": 213.0850067138672, "MSFT": 460.94000244140625, "IBM": 318.6358947753906, "T": 24.635000228881836, "DUK": 120.23999786376953, "JPM": 295.939697265625, "DOW": 34.9900016784668, "MA": 495.82000732421875, "PEP": 142.02999877929688, "HD": 309.5950012207031, "XOM": 148.44000244140625, "VZ": 47.66999816894531, "AVGO": 460.7349853515625, "JNJ": 223.38999938964844, "NVDA": 224.30999755859375, "MMM": 150.63499450683594, "PM": 172.88999938964844, "NEE": 84.25, "TSLA": 419.83428955078125, "COST": 943.4849853515625, "BAC": 51.6150016784668, "AMZN": 262.4599914550781, "WMT": 114.25, "META": 607.0260009765625, "GOOGL": 377.25, "PG": 140.0850067138672, "MRK": 115.61000061035156, "KO": 78.81580352783203, "AAPL": 308.05999755859375}