{"WMT": 114.55999755859375, "AAPL": 281.6300048828125, "JPM": 329.44000244140625, "IBM": 277.9049987792969, "PM": 182.7949981689453, "DUK": 128.32000732421875, "MRK": 129.375, "NFLX": 73.75, "MA": 509.6400146484375, "MO": 74.04499816894531, "KO": 82.625, "NVDA": 194.89999389648438, "DOW": 27.93000030517578, "COST": 946.2999877929688, "JNJ": 258.42999267578125, "ABBV": 254.22000122070312, "MSFT": 368.5, "SO": 96.7300033569336, "PEP": 138.64999389648438, "TSLA": 411.7900085449219, "O": 63.029998779296875, "NEE": 88.61499786376953, "PG": 148.3800048828125, "CVX": 168.4199981689453, "AMZN": 240.1199951171875, "MMM": 162.44000244140625, "VZ": 44.07500076293945, "AVGO": 372.44000244140625, "HD": 350.6499938964844, "T": 21.780000686645508, "XOM": 136.0449981689453, "META": 562.3300170898438, "UNH": 419.44000244140625, "BAC": 57.869998931884766, "V": 341.69000244140625, "GOOGL": 353.4700012207031}