{"JNJ": 240.47000122070312, "AMZN": 236.3800048828125, "META": 565.6199951171875, "AAPL": 290.1400146484375, "COST": 978.5050048828125, "CVX": 187.5399932861328, "NEE": 85.75499725341797, "JPM": 319.70001220703125, "IBM": 271.9150085449219, "GOOGL": 361.70001220703125, "PM": 183.5850067138672, "O": 62.54499816894531, "BAC": 55.755001068115234, "AVGO": 380.3399963378906, "NFLX": 80.73500061035156, "NVDA": 204.60499572753906, "MMM": 158.80799865722656, "WMT": 120.7699966430664, "PEP": 143.98500061035156, "ABBV": 227.0850067138672, "VZ": 48.099998474121094, "V": 321.0799865722656, "MSFT": 387.2799987792969, "MA": 487.30499267578125, "MRK": 119.58999633789062, "DOW": 33.69499969482422, "UNH": 407.8699951171875, "TSLA": 402.2200012207031, "T": 23.549999237060547, "HD": 328.54998779296875, "KO": 82.43000030517578, "SO": 93.43000030517578, "DUK": 124.7750015258789, "MO": 71.73999786376953, "XOM": 147.42999267578125, "PG": 149.55999755859375}