{"AVGO": 481.5400085449219, "NFLX": 83.31999969482422, "META": 597.6599731445312, "JPM": 300.989990234375, "MA": 477.8399963378906, "ABBV": 215.4199981689453, "SO": 90.5199966430664, "AAPL": 315.19000244140625, "MSFT": 441.2900085449219, "DUK": 121.09500122070312, "T": 24.625, "WMT": 113.03500366210938, "NVDA": 222.82000732421875, "MRK": 115.66000366210938, "COST": 954.239990234375, "TSLA": 423.739990234375, "V": 317.30999755859375, "KO": 78.43499755859375, "XOM": 149.64999389648438, "DOW": 34.72999954223633, "VZ": 47.880001068115234, "BAC": 52.5, "UNH": 377.94000244140625, "MMM": 152.91000366210938, "HD": 311.5799865722656, "JNJ": 222.9199981689453, "PEP": 141.97000122070312, "IBM": 329.5400085449219, "NEE": 85.66999816894531, "PG": 140.80999755859375, "PM": 173.72000122070312, "O": 59.900001525878906, "MO": 69.24500274658203, "GOOGL": 361.8399963378906, "CVX": 187.6300048828125, "AMZN": 256.5}