{"NEE": 88.6500015258789, "IBM": 279.3349914550781, "MRK": 128.7050018310547, "HD": 352.20989990234375, "V": 342.885009765625, "BAC": 57.150001525878906, "AMZN": 239.07369995117188, "XOM": 136.19000244140625, "KO": 81.82009887695312, "JNJ": 256.4800109863281, "MA": 511.1400146484375, "SO": 96.53500366210938, "TSLA": 418.7001037597656, "VZ": 42.73500061035156, "O": 62.640098571777344, "DOW": 27.424999237060547, "ABBV": 252.86500549316406, "UNH": 415.9898986816406, "AAPL": 288.3900146484375, "JPM": 328.8900146484375, "COST": 938.7550048828125, "META": 559.0850219726562, "NVDA": 198.21009826660156, "CVX": 167.0050048828125, "PG": 146.13510131835938, "PM": 181.6199951171875, "MMM": 161.3300018310547, "WMT": 113.70500183105469, "MSFT": 371.1000061035156, "PEP": 136.39999389648438, "AVGO": 374.635009765625, "DUK": 127.77999877929688, "T": 20.795000076293945, "NFLX": 72.72720336914062, "GOOGL": 357.8299865722656, "MO": 72.79000091552734}