{"V": 322.0799865722656, "NEE": 96.27999877929688, "GOOGL": 388.4100036621094, "SO": 95.93499755859375, "CVX": 192.66000366210938, "MMM": 142.8300018310547, "BAC": 53.13999938964844, "MA": 497.04998779296875, "AMZN": 273.5, "AVGO": 427.5, "NFLX": 87.9000015258789, "JPM": 309.4700012207031, "T": 25.915000915527344, "MRK": 113.16000366210938, "PG": 144.9199981689453, "NVDA": 196.5, "AAPL": 284.1700134277344, "META": 605.0800170898438, "PEP": 155.0399932861328, "MO": 72.80999755859375, "HD": 315.4200134277344, "ABBV": 206.10000610351562, "XOM": 154.8800048828125, "DOW": 40.809898376464844, "O": 63.595001220703125, "PM": 169.47000122070312, "JNJ": 225.5800018310547, "VZ": 47.35499954223633, "UNH": 363.7850036621094, "COST": 1016.469970703125, "IBM": 229.0399932861328, "DUK": 127.62000274658203, "WMT": 130.80999755859375, "TSLA": 389.3500061035156, "KO": 78.51000213623047, "MSFT": 411.2699890136719}