{"UNH": 419.44000244140625, "NFLX": 73.75, "VZ": 44.07500076293945, "AAPL": 281.6300048828125, "TSLA": 411.7900085449219, "PEP": 138.64999389648438, "WMT": 114.55999755859375, "O": 63.029998779296875, "XOM": 136.0449981689453, "CVX": 168.4199981689453, "DOW": 27.93000030517578, "GOOGL": 353.4700012207031, "HD": 350.6499938964844, "MA": 509.6400146484375, "NEE": 88.61499786376953, "DUK": 128.32000732421875, "PG": 148.3800048828125, "V": 341.69000244140625, "PM": 182.7949981689453, "AMZN": 240.1199951171875, "JNJ": 258.42999267578125, "KO": 82.625, "T": 21.780000686645508, "ABBV": 254.22000122070312, "NVDA": 194.89999389648438, "META": 562.3300170898438, "BAC": 57.869998931884766, "MO": 74.04499816894531, "MMM": 162.44000244140625, "COST": 946.2999877929688, "MRK": 129.375, "IBM": 277.9049987792969, "SO": 96.7300033569336, "JPM": 329.44000244140625, "AVGO": 372.44000244140625, "MSFT": 368.5}