{"PEP": 143.3000030517578, "IBM": 299.489990234375, "NVDA": 195.5749969482422, "TSLA": 419.7699890136719, "V": 357.3399963378906, "CVX": 168.1300048828125, "MO": 71.88500213623047, "META": 600.27001953125, "AMZN": 244.22999572753906, "VZ": 42.084999084472656, "PM": 184.76499938964844, "JNJ": 259.3299865722656, "T": 20.59000015258789, "MSFT": 386.8999938964844, "WMT": 110.66000366210938, "JPM": 337.8699951171875, "MA": 533.3099975585938, "NFLX": 76.05000305175781, "KO": 82.95999908447266, "UNH": 418.17999267578125, "DOW": 27.34000015258789, "SO": 96.0, "NEE": 87.45500183105469, "XOM": 136.4499969482422, "PG": 149.3300018310547, "COST": 950.72998046875, "MMM": 159.14999389648438, "AAPL": 312.80999755859375, "DUK": 125.97000122070312, "GOOGL": 366.4200134277344, "BAC": 59.900001525878906, "HD": 350.6700134277344, "ABBV": 254.75, "MRK": 126.7699966430664, "AVGO": 373.9100036621094, "O": 63.16999816894531}