{"V": 324.4100036621094, "CVX": 186.7050018310547, "AVGO": 381.79998779296875, "T": 22.770000457763672, "JNJ": 237.32000732421875, "BAC": 54.310001373291016, "JPM": 312.2099914550781, "MSFT": 402.5899963378906, "ABBV": 226.2050018310547, "MRK": 119.95999908447266, "NFLX": 81.65499877929688, "COST": 969.030029296875, "NVDA": 204.41000366210938, "VZ": 45.75, "TSLA": 392.4800109863281, "AMZN": 244.3000030517578, "SO": 92.50499725341797, "DUK": 123.81999969482422, "MMM": 156.74000549316406, "DOW": 33.16999816894531, "O": 61.275001525878906, "MA": 493.18499755859375, "KO": 81.18000030517578, "IBM": 276.5799865722656, "MO": 71.51499938964844, "META": 588.52490234375, "PEP": 143.10000610351562, "WMT": 118.6500015258789, "UNH": 411.8800048828125, "NEE": 84.57990264892578, "PG": 148.625, "HD": 320.8399963378906, "AAPL": 289.8800048828125, "XOM": 148.74000549316406, "GOOGL": 364.1499938964844, "PM": 177.3350067138672}