{"MSFT": 395.0794982910156, "AAPL": 331.5, "COST": 935.7449951171875, "VZ": 43.439998626708984, "SO": 95.27999877929688, "JPM": 343.2900085449219, "PM": 190.86500549316406, "DUK": 124.8550033569336, "PEP": 136.25, "DOW": 29.825000762939453, "MA": 542.0999755859375, "ABBV": 255.50999450683594, "WMT": 113.91000366210938, "O": 65.3550033569336, "UNH": 434.5350036621094, "TSLA": 382.2200012207031, "META": 648.8400268554688, "JNJ": 252.49000549316406, "MRK": 127.30000305175781, "CVX": 186.55999755859375, "GOOGL": 343.80999755859375, "XOM": 147.72000122070312, "NFLX": 68.94499969482422, "V": 358.31048583984375, "AMZN": 247.39999389648438, "BAC": 61.3849983215332, "NEE": 88.79000091552734, "NVDA": 204.83999633789062, "MMM": 160.51499938964844, "HD": 340.0, "AVGO": 374.7149963378906, "IBM": 212.27999877929688, "T": 21.764999389648438, "KO": 80.98500061035156, "MO": 73.73999786376953, "PG": 149.65499877929688}