{"PM": 189.889892578125, "PEP": 150.3800048828125, "XOM": 154.80999755859375, "MO": 74.11000061035156, "NVDA": 215.47000122070312, "UNH": 387.31500244140625, "T": 25.344999313354492, "TSLA": 427.489990234375, "NFLX": 88.37999725341797, "HD": 312.0849914550781, "MSFT": 418.8349914550781, "IBM": 254.6199951171875, "O": 62.22999954223633, "WMT": 120.20500183105469, "DUK": 125.54000091552734, "JPM": 306.9200134277344, "AVGO": 412.5400085449219, "AMZN": 267.3349914550781, "AAPL": 309.29998779296875, "KO": 81.5999984741211, "SO": 94.66999816894531, "VZ": 48.415000915527344, "NEE": 88.83000183105469, "GOOGL": 383.73370361328125, "MA": 498.6724853515625, "MMM": 153.0399932861328, "BAC": 51.869998931884766, "PG": 144.49000549316406, "DOW": 35.939998626708984, "CVX": 191.26499938964844, "MRK": 122.56999969482422, "ABBV": 217.38499450683594, "V": 329.239990234375, "JNJ": 234.6699981689453, "META": 610.280029296875, "COST": 1029.0299072265625}