{"CVX": 168.4199981689453, "MO": 72.25, "AVGO": 359.5199890136719, "META": 585.1749877929688, "KO": 83.2300033569336, "PM": 180.11000061035156, "IBM": 287.3299865722656, "MMM": 160.2698974609375, "JNJ": 261.8500061035156, "DOW": 27.764999389648438, "COST": 949.2100219726562, "BAC": 58.415000915527344, "JPM": 333.2099914550781, "MA": 538.0900268554688, "T": 20.114999771118164, "UNH": 422.82501220703125, "NEE": 87.31999969482422, "O": 63.595001220703125, "NVDA": 193.38429260253906, "NFLX": 78.23500061035156, "HD": 354.39910888671875, "MSFT": 390.64990234375, "PG": 151.22000122070312, "TSLA": 393.4200134277344, "XOM": 137.09500122070312, "AAPL": 307.19500732421875, "GOOGL": 358.1000061035156, "AMZN": 244.14500427246094, "ABBV": 259.7650146484375, "MRK": 128.36000061035156, "VZ": 41.5, "PEP": 143.67999267578125, "DUK": 128.31500244140625, "WMT": 111.80010223388672, "V": 359.2950134277344, "SO": 97.2300033569336}