{"V": 333.4599914550781, "MRK": 121.2699966430664, "NFLX": 72.51499938964844, "MO": 72.18000030517578, "GOOGL": 343.5, "PM": 179.44000244140625, "MA": 496.98748779296875, "NVDA": 196.8699951171875, "HD": 342.44000244140625, "AMZN": 236.8603973388672, "JNJ": 240.41000366210938, "KO": 80.99500274658203, "IBM": 263.4049987792969, "MMM": 166.3699951171875, "UNH": 403.5851135253906, "DUK": 126.19000244140625, "NEE": 87.4800033569336, "PEP": 142.97999572753906, "XOM": 136.2899932861328, "CVX": 171.8000030517578, "TSLA": 373.7250061035156, "ABBV": 235.94000244140625, "JPM": 333.3999938964844, "T": 22.46500015258789, "SO": 95.5199966430664, "META": 559.0499877929688, "DOW": 29.360000610351562, "AAPL": 295.1199951171875, "O": 62.369998931884766, "MSFT": 368.89990234375, "BAC": 57.744998931884766, "PG": 152.72500610351562, "WMT": 119.66000366210938, "COST": 964.1699829101562, "AVGO": 377.7099914550781, "VZ": 45.849998474121094}