{"JNJ": 226.13999938964844, "DOW": 38.29999923706055, "TSLA": 386.4800109863281, "VZ": 46.279998779296875, "HD": 343.8999938964844, "SO": 91.94000244140625, "BAC": 53.459999084472656, "T": 25.89299964904785, "AAPL": 266.2200012207031, "ABBV": 205.0850067138672, "KO": 74.70999908447266, "NFLX": 92.58999633789062, "MSFT": 424.25, "MRK": 112.56999969482422, "AVGO": 402.25, "MA": 511.3299865722656, "MO": 64.6500015258789, "V": 309.9049987792969, "NVDA": 199.91000366210938, "META": 668.9000244140625, "CVX": 185.99000549316406, "WMT": 129.60000610351562, "XOM": 148.3699951171875, "PM": 153.17999267578125, "IBM": 255.7799072265625, "GOOGL": 332.2799987792969, "DUK": 125.69000244140625, "JPM": 313.0400085449219, "COST": 1005.8099975585938, "O": 64.04000091552734, "UNH": 346.1531982421875, "NEE": 90.61000061035156, "MMM": 148.3699951171875, "PEP": 154.94000244140625, "AMZN": 249.9499969482422, "PG": 142.3300018310547}