{"KO": 82.9800033569336, "T": 22.385000228881836, "MSFT": 393.2900085449219, "WMT": 115.86000061035156, "COST": 945.7899780273438, "DOW": 30.385000228881836, "MA": 544.47998046875, "VZ": 44.415000915527344, "TSLA": 381.9700012207031, "GOOGL": 346.5899963378906, "NVDA": 204.48500061035156, "PG": 152.50999450683594, "ABBV": 257.8349914550781, "CVX": 186.9499969482422, "XOM": 148.52999877929688, "UNH": 428.95001220703125, "JNJ": 253.3800048828125, "SO": 96.76010131835938, "JPM": 344.4549865722656, "DUK": 126.97000122070312, "NEE": 89.86000061035156, "MMM": 163.30999755859375, "PM": 191.6999969482422, "MRK": 130.6199951171875, "BAC": 61.880001068115234, "HD": 349.19500732421875, "NFLX": 67.84860229492188, "O": 66.23500061035156, "V": 359.3550109863281, "PEP": 139.3800048828125, "MO": 74.3550033569336, "AMZN": 248.67999267578125, "META": 636.067626953125, "IBM": 214.92999267578125, "AVGO": 370.7650146484375, "AAPL": 330.5799865722656}