{"GOOGL": 359.19000244140625, "MA": 537.9199829101562, "PEP": 135.67999267578125, "META": 659.3800048828125, "KO": 83.33499908447266, "V": 355.875, "AAPL": 315.1099853515625, "NVDA": 212.15499877929688, "MO": 70.25499725341797, "PM": 177.36000061035156, "SO": 96.10070037841797, "MMM": 156.44500732421875, "TSLA": 396.42999267578125, "VZ": 42.43000030517578, "O": 63.92399978637695, "AVGO": 390.7550048828125, "COST": 921.0399780273438, "AMZN": 248.36419677734375, "BAC": 60.724998474121094, "JPM": 342.8450012207031, "HD": 338.7200012207031, "UNH": 424.29998779296875, "CVX": 181.75999450683594, "ABBV": 245.44000244140625, "DOW": 30.295000076293945, "XOM": 144.77999877929688, "DUK": 126.41999816894531, "NFLX": 73.52100372314453, "T": 21.299999237060547, "NEE": 89.47899627685547, "IBM": 216.7899932861328, "WMT": 113.73500061035156, "PG": 146.38999938964844, "JNJ": 253.69500732421875, "MRK": 120.88500213623047, "MSFT": 385.9700012207031}