{"JNJ": 261.5799865722656, "NFLX": 77.0199966430664, "T": 20.54159927368164, "MMM": 161.19000244140625, "BAC": 58.41999816894531, "TSLA": 395.2650146484375, "VZ": 41.994998931884766, "WMT": 111.87000274658203, "KO": 83.3499984741211, "NVDA": 195.05999755859375, "PG": 150.22999572753906, "COST": 943.6649780273438, "META": 587.35498046875, "AMZN": 244.80999755859375, "HD": 353.32000732421875, "MRK": 129.22000122070312, "ABBV": 260.17999267578125, "MA": 532.8800048828125, "JPM": 334.07000732421875, "AVGO": 365.69000244140625, "SO": 96.69000244140625, "XOM": 138.47000122070312, "NEE": 87.31999969482422, "DOW": 28.05500030517578, "GOOGL": 359.0400085449219, "IBM": 283.2200012207031, "PM": 182.47000122070312, "MO": 73.02999877929688, "UNH": 427.8949890136719, "V": 357.8999938964844, "DUK": 127.54000091552734, "O": 63.43000030517578, "PEP": 144.13499450683594, "CVX": 168.63999938964844, "MSFT": 388.7550048828125, "AAPL": 306.05999755859375}