{"GOOGL": 339.0, "BAC": 52.435001373291016, "COST": 1014.3599853515625, "NEE": 96.27999877929688, "MA": 502.3999938964844, "HD": 340.1400146484375, "NFLX": 92.83000183105469, "O": 64.05999755859375, "DOW": 38.529998779296875, "AVGO": 419.9800109863281, "SO": 93.91999816894531, "WMT": 132.02999877929688, "UNH": 354.5199890136719, "PM": 169.27000427246094, "CVX": 187.58999633789062, "AMZN": 255.1199951171875, "DUK": 128.00999450683594, "PEP": 155.6999969482422, "MSFT": 415.75, "TSLA": 373.6300048828125, "ABBV": 200.99000549316406, "T": 26.635000228881836, "MRK": 114.62000274658203, "MMM": 144.85000610351562, "VZ": 47.244998931884766, "JNJ": 230.6300048828125, "V": 308.8299865722656, "AAPL": 273.44000244140625, "KO": 76.30500030517578, "JPM": 311.70001220703125, "MO": 67.16000366210938, "IBM": 231.0, "PG": 145.72000122070312, "META": 659.3300170898438, "NVDA": 199.7100067138672, "XOM": 150.5399932861328}