{"PG": 148.3699951171875, "O": 64.17500305175781, "DOW": 30.3700008392334, "SO": 96.48999786376953, "V": 357.760009765625, "VZ": 42.70500183105469, "ABBV": 248.0399932861328, "PEP": 138.50999450683594, "JPM": 334.5899963378906, "AMZN": 247.3699951171875, "XOM": 144.56500244140625, "NFLX": 73.86000061035156, "MRK": 124.04000091552734, "COST": 926.0040283203125, "TSLA": 394.75, "MMM": 157.69000244140625, "HD": 337.1600036621094, "MA": 537.7899780273438, "NVDA": 203.47999572753906, "AAPL": 317.4200134277344, "META": 656.72998046875, "NEE": 88.37999725341797, "PM": 180.19000244140625, "GOOGL": 352.5299987792969, "DUK": 126.86000061035156, "JNJ": 257.8800048828125, "WMT": 114.80500030517578, "AVGO": 384.0299987792969, "MSFT": 390.9800109863281, "CVX": 182.2100067138672, "MO": 71.87000274658203, "KO": 84.2699966430664, "UNH": 429.1300048828125, "T": 21.56999969482422, "IBM": 290.3800048828125, "BAC": 59.540000915527344}