{"TSLA": 403.9800109863281, "WMT": 111.7699966430664, "T": 20.920000076293945, "V": 346.7550048828125, "NFLX": 74.75499725341797, "IBM": 293.4549865722656, "CVX": 174.3800048828125, "PM": 182.60000610351562, "PG": 146.8699951171875, "GOOGL": 355.614990234375, "AMZN": 244.44000244140625, "HD": 340.4100036621094, "AVGO": 405.5801086425781, "ABBV": 249.47000122070312, "O": 63.400001525878906, "AAPL": 314.7799987792969, "UNH": 429.9796142578125, "MA": 520.7750244140625, "MRK": 124.94999694824219, "DUK": 125.18499755859375, "JNJ": 259.7099914550781, "META": 612.280029296875, "VZ": 42.01499938964844, "PEP": 138.0749969482422, "MO": 72.4800033569336, "MMM": 156.77000427246094, "COST": 912.6500244140625, "NVDA": 203.27000427246094, "BAC": 59.369998931884766, "NEE": 87.26499938964844, "DOW": 28.43000030517578, "XOM": 137.82510375976562, "JPM": 336.0, "KO": 82.70500183105469, "SO": 95.37999725341797, "MSFT": 380.6499938964844}