{"PM": 184.76499938964844, "V": 357.3399963378906, "NVDA": 195.5749969482422, "O": 63.16999816894531, "JPM": 337.8699951171875, "KO": 82.95999908447266, "JNJ": 259.3299865722656, "DUK": 125.97000122070312, "ABBV": 254.75, "MMM": 159.14999389648438, "IBM": 299.489990234375, "SO": 96.0, "AVGO": 373.9100036621094, "PG": 149.3300018310547, "HD": 350.6700134277344, "CVX": 168.1300048828125, "GOOGL": 366.4200134277344, "AAPL": 312.80999755859375, "MO": 71.88500213623047, "BAC": 59.900001525878906, "NEE": 87.45500183105469, "PEP": 143.3000030517578, "UNH": 418.17999267578125, "AMZN": 244.22999572753906, "T": 20.59000015258789, "NFLX": 76.05000305175781, "META": 600.27001953125, "TSLA": 419.7699890136719, "MSFT": 386.8999938964844, "VZ": 42.084999084472656, "DOW": 27.34000015258789, "XOM": 136.4499969482422, "MA": 533.3099975585938, "MRK": 126.7699966430664, "COST": 950.72998046875, "WMT": 110.66000366210938}