{"DOW": 29.3799991607666, "JPM": 333.489990234375, "DUK": 126.5199966430664, "PEP": 142.1999969482422, "KO": 80.62000274658203, "AMZN": 234.35000610351562, "PM": 178.75999450683594, "JNJ": 241.02000427246094, "MSFT": 365.45001220703125, "COST": 960.9600219726562, "V": 332.32000732421875, "MA": 494.6199951171875, "AAPL": 293.260009765625, "NVDA": 199.08999633789062, "XOM": 136.8800048828125, "BAC": 57.7599983215332, "VZ": 45.73500061035156, "SO": 95.76000213623047, "UNH": 405.5199890136719, "IBM": 262.8699951171875, "AVGO": 382.1000061035156, "PG": 152.0500030517578, "MRK": 120.66999816894531, "MO": 72.06999969482422, "CVX": 171.5500030517578, "HD": 342.7300109863281, "GOOGL": 345.3599853515625, "NFLX": 71.83000183105469, "O": 62.02000045776367, "T": 22.3799991607666, "NEE": 87.62000274658203, "WMT": 119.0, "MMM": 165.9199981689453, "ABBV": 234.92999267578125, "META": 557.8049926757812, "TSLA": 375.3599853515625}