{"TSLA": 406.5400085449219, "PEP": 137.83999633789062, "MA": 523.1599731445312, "UNH": 431.6000061035156, "META": 631.47998046875, "ABBV": 249.80999755859375, "PM": 181.1300048828125, "CVX": 174.0500030517578, "BAC": 59.23500061035156, "DUK": 125.24500274658203, "GOOGL": 358.8699951171875, "JNJ": 259.1050109863281, "SO": 95.13500213623047, "NEE": 87.08000183105469, "XOM": 137.3699951171875, "AMZN": 247.02000427246094, "MO": 71.5999984741211, "COST": 912.8200073242188, "O": 63.185001373291016, "NFLX": 75.45999908447266, "MMM": 155.36000061035156, "NVDA": 202.72999572753906, "MRK": 125.04000091552734, "IBM": 295.1499938964844, "WMT": 112.19999694824219, "V": 348.1000061035156, "PG": 146.8300018310547, "AVGO": 401.1099853515625, "HD": 338.69000244140625, "JPM": 335.3900146484375, "AAPL": 316.17999267578125, "MSFT": 384.3500061035156, "DOW": 28.5049991607666, "VZ": 42.224998474121094, "T": 21.024999618530273, "KO": 82.61499786376953}