{"MA": 504.1600036621094, "AAPL": 271.05999755859375, "XOM": 148.86000061035156, "DOW": 38.63999938964844, "UNH": 354.8999938964844, "PEP": 155.41000366210938, "DUK": 127.25, "ABBV": 198.63999938964844, "MMM": 145.99000549316406, "TSLA": 376.1600036621094, "META": 674.8900146484375, "IBM": 231.73500061035156, "MSFT": 424.5799865722656, "WMT": 129.91000366210938, "BAC": 52.040000915527344, "NVDA": 208.19000244140625, "MO": 66.87999725341797, "MRK": 111.86000061035156, "COST": 1010.6400146484375, "V": 309.4200134277344, "SO": 93.4749984741211, "NEE": 95.29000091552734, "CVX": 185.11000061035156, "GOOGL": 344.2900085449219, "AMZN": 263.8800048828125, "JPM": 308.2900085449219, "T": 26.190000534057617, "PM": 164.17999267578125, "AVGO": 422.75, "NFLX": 92.37000274658203, "PG": 148.11000061035156, "JNJ": 227.4550018310547, "KO": 76.62999725341797, "HD": 335.9100036621094, "VZ": 46.380001068115234, "O": 63.31999969482422}