{"UNH": 363.0, "PG": 144.9600067138672, "COST": 1019.72998046875, "T": 26.03499984741211, "MO": 72.91000366210938, "MMM": 143.56500244140625, "NEE": 96.8646011352539, "MSFT": 410.29998779296875, "XOM": 154.82000732421875, "DUK": 129.13999938964844, "BAC": 53.185001373291016, "MA": 495.3299865722656, "GOOGL": 386.3999938964844, "META": 603.9400024414062, "JNJ": 225.8300018310547, "TSLA": 392.30999755859375, "NFLX": 88.04000091552734, "V": 320.8949890136719, "HD": 317.1400146484375, "IBM": 229.08999633789062, "PM": 168.0500030517578, "AAPL": 283.4549865722656, "O": 63.619998931884766, "DOW": 41.18000030517578, "AVGO": 431.739990234375, "JPM": 309.3699951171875, "VZ": 47.60499954223633, "CVX": 192.99000549316406, "PEP": 155.47500610351562, "NVDA": 197.1300048828125, "AMZN": 274.0599060058594, "WMT": 131.30999755859375, "ABBV": 206.25999450683594, "MRK": 113.55000305175781, "KO": 78.49500274658203, "SO": 96.63999938964844}