{"DUK": 128.0800018310547, "KO": 78.5199966430664, "PG": 146.8249969482422, "TSLA": 379.1700134277344, "COST": 1016.5, "MSFT": 401.6099853515625, "NEE": 96.79000091552734, "META": 610.3499145507812, "MO": 72.2699966430664, "GOOGL": 383.3599853515625, "PM": 165.02999877929688, "NVDA": 200.7987060546875, "CVX": 192.8300018310547, "JNJ": 229.49000549316406, "MMM": 146.14999389648438, "O": 63.67499923706055, "MRK": 109.8499984741211, "MA": 502.2900085449219, "NFLX": 93.52999877929688, "DOW": 40.70000076293945, "AVGO": 416.04998779296875, "JPM": 313.1199951171875, "AAPL": 273.6499938964844, "SO": 95.87000274658203, "V": 331.1400146484375, "PEP": 157.94500732421875, "WMT": 131.80999755859375, "AMZN": 260.1449890136719, "BAC": 53.4099006652832, "HD": 327.3450012207031, "ABBV": 211.72999572753906, "XOM": 154.16000366210938, "UNH": 369.5400085449219, "IBM": 230.0749969482422, "T": 26.03499984741211, "VZ": 47.51499938964844}