{"META": 568.9000244140625, "AVGO": 385.375, "SO": 94.13999938964844, "MMM": 157.86990356445312, "AAPL": 295.25, "XOM": 147.97000122070312, "BAC": 55.1599006652832, "VZ": 47.540000915527344, "NVDA": 204.0399932861328, "MA": 488.4700012207031, "DUK": 125.06999969482422, "CVX": 187.4398956298828, "NFLX": 81.51499938964844, "O": 62.494998931884766, "COST": 980.2949829101562, "IBM": 274.4949951171875, "GOOGL": 356.25, "JNJ": 240.875, "ABBV": 227.39999389648438, "UNH": 407.1300048828125, "T": 23.28499984741211, "MO": 72.3499984741211, "V": 321.54998779296875, "TSLA": 395.9100036621094, "PM": 183.6999053955078, "AMZN": 240.28990173339844, "PEP": 144.52000427246094, "MSFT": 387.6700134277344, "DOW": 34.09000015258789, "KO": 83.3499984741211, "NEE": 85.31009674072266, "MRK": 122.30000305175781, "WMT": 121.08000183105469, "HD": 325.0050048828125, "PG": 149.3000030517578, "JPM": 313.4599914550781}