{"NEE": 84.0250015258789, "META": 585.3350219726562, "NFLX": 82.62999725341797, "BAC": 53.60499954223633, "MRK": 119.5, "XOM": 151.75, "V": 319.739990234375, "NVDA": 208.61000061035156, "PEP": 140.64999389648438, "MO": 71.27999877929688, "GOOGL": 363.3299865722656, "MA": 485.6300048828125, "DUK": 122.04000091552734, "MSFT": 411.739990234375, "PG": 145.10000610351562, "AMZN": 245.2100067138672, "ABBV": 223.02000427246094, "VZ": 45.43000030517578, "HD": 309.7799987792969, "MMM": 153.8800048828125, "PM": 176.0399932861328, "SO": 91.27999877929688, "DOW": 34.20500183105469, "O": 60.0, "UNH": 406.70001220703125, "CVX": 189.22000122070312, "WMT": 119.80999755859375, "TSLA": 409.010009765625, "COST": 974.5900268554688, "IBM": 280.8900146484375, "JPM": 311.1300048828125, "KO": 79.53500366210938, "JNJ": 232.1300048828125, "AAPL": 301.57000732421875, "AVGO": 396.7049865722656}