{"TSLA": 376.8699951171875, "MMM": 167.85000610351562, "NVDA": 195.8249969482422, "HD": 345.1199951171875, "ABBV": 242.0, "PG": 149.66000366210938, "NEE": 86.87999725341797, "NFLX": 72.41500091552734, "O": 61.525001525878906, "CVX": 172.3300018310547, "PEP": 140.22999572753906, "MA": 499.75, "T": 22.485000610351562, "MRK": 123.79499816894531, "IBM": 260.5409851074219, "KO": 80.30500030517578, "BAC": 58.625, "META": 553.7100219726562, "AAPL": 278.89990234375, "VZ": 45.939998626708984, "UNH": 414.239990234375, "AVGO": 381.44000244140625, "MO": 73.02999877929688, "JPM": 340.1199951171875, "MSFT": 355.8840026855469, "COST": 949.260009765625, "V": 337.0899963378906, "WMT": 117.1500015258789, "SO": 95.6500015258789, "GOOGL": 341.4700012207031, "PM": 178.99000549316406, "AMZN": 230.4499969482422, "JNJ": 246.24000549316406, "DUK": 126.67500305175781, "DOW": 29.155000686645508, "XOM": 137.60499572753906}