{"CVX": 187.75, "IBM": 324.8999938964844, "HD": 310.139892578125, "V": 316.1000061035156, "MO": 69.25, "UNH": 376.1199951171875, "WMT": 113.28500366210938, "PEP": 141.72999572753906, "VZ": 47.91999816894531, "ABBV": 212.25, "PG": 139.2100067138672, "XOM": 150.08999633789062, "SO": 90.1449966430664, "AVGO": 478.760009765625, "DUK": 120.78359985351562, "GOOGL": 367.5299987792969, "JPM": 300.6099853515625, "COST": 952.1900024414062, "MMM": 151.5399932861328, "NVDA": 225.57989501953125, "MA": 480.1499938964844, "MSFT": 445.18011474609375, "JNJ": 223.14999389648438, "PM": 174.77789306640625, "AAPL": 314.8999938964844, "BAC": 52.38999938964844, "KO": 78.36499786376953, "O": 59.80500030517578, "TSLA": 422.5150146484375, "AMZN": 258.7449951171875, "DOW": 34.39500045776367, "T": 24.600099563598633, "MRK": 115.53500366210938, "NEE": 85.52999877929688, "META": 606.5399780273438, "NFLX": 84.19000244140625}