{"MMM": 151.66000366210938, "COST": 961.9600219726562, "VZ": 46.654998779296875, "META": 623.1099853515625, "JNJ": 223.57000732421875, "IBM": 305.79998779296875, "MO": 70.4000015258789, "WMT": 116.91999816894531, "T": 23.559999465942383, "AAPL": 310.3800048828125, "SO": 90.5199966430664, "MSFT": 427.5799865722656, "PEP": 142.57000732421875, "HD": 313.0199890136719, "V": 313.6600036621094, "AMZN": 249.97000122070312, "XOM": 152.7100067138672, "O": 59.7400016784668, "TSLA": 423.7300109863281, "AVGO": 478.07000732421875, "NVDA": 214.8350067138672, "CVX": 189.82000732421875, "JPM": 300.8800048828125, "GOOGL": 359.3999938964844, "BAC": 52.41999816894531, "MA": 471.95001220703125, "ABBV": 217.1300048828125, "NEE": 84.61499786376953, "PM": 176.1300048828125, "NFLX": 81.52999877929688, "UNH": 377.0, "DUK": 121.08999633789062, "DOW": 35.400001525878906, "MRK": 114.79000091552734, "KO": 78.78500366210938, "PG": 140.44000244140625}