{"JPM": 296.25, "NEE": 87.47000122070312, "META": 633.8049926757812, "CVX": 183.33009338378906, "GOOGL": 391.1300048828125, "T": 24.854999542236328, "PEP": 146.1649932861328, "PG": 146.2899932861328, "TSLA": 443.67999267578125, "V": 324.1000061035156, "AMZN": 274.0799865722656, "BAC": 50.775001525878906, "MO": 71.83000183105469, "VZ": 47.974998474121094, "XOM": 147.22999572753906, "MMM": 152.0749969482422, "ABBV": 218.45669555664062, "UNH": 382.3949890136719, "AAPL": 311.289794921875, "MRK": 119.83999633789062, "KO": 80.55000305175781, "NFLX": 86.44999694824219, "PM": 179.20509338378906, "IBM": 263.7900085449219, "MA": 492.0199890136719, "JNJ": 231.4600067138672, "DUK": 123.75, "SO": 92.4800033569336, "MSFT": 425.8399963378906, "O": 61.775001525878906, "HD": 320.510009765625, "NVDA": 214.1154022216797, "WMT": 118.94999694824219, "COST": 999.8200073242188, "DOW": 34.529998779296875, "AVGO": 425.6600036621094}