{"JPM": 311.5199890136719, "MMM": 146.02499389648438, "CVX": 188.35499572753906, "AVGO": 399.8299865722656, "ABBV": 197.69000244140625, "DOW": 37.994998931884766, "SO": 94.41999816894531, "TSLA": 375.95001220703125, "V": 309.42999267578125, "META": 671.22998046875, "JNJ": 227.77999877929688, "DUK": 127.80999755859375, "GOOGL": 349.8349914550781, "O": 63.54999923706055, "KO": 78.38999938964844, "VZ": 47.25, "IBM": 233.0, "WMT": 127.58999633789062, "MSFT": 429.3599853515625, "PG": 149.1699981689453, "PEP": 156.27999877929688, "MO": 67.80500030517578, "AMZN": 259.7699890136719, "MRK": 110.05000305175781, "NFLX": 92.30500030517578, "BAC": 52.68000030517578, "COST": 994.0, "MA": 507.67999267578125, "XOM": 150.60499572753906, "NEE": 96.51000213623047, "PM": 165.8699951171875, "T": 26.065000534057617, "NVDA": 213.14999389648438, "HD": 329.0799865722656, "AAPL": 270.760009765625, "UNH": 366.739990234375}