{"DUK": 123.9000015258789, "O": 62.09000015258789, "AMZN": 268.05499267578125, "GOOGL": 401.1449890136719, "TSLA": 444.97808837890625, "PEP": 148.4600067138672, "MMM": 145.38999938964844, "V": 321.5392150878906, "SO": 93.22000122070312, "MO": 72.04000091552734, "KO": 80.47000122070312, "IBM": 219.44979858398438, "NEE": 95.08999633789062, "META": 617.4542236328125, "JNJ": 230.2949981689453, "AVGO": 440.6499938964844, "MSFT": 409.6549987792969, "AAPL": 299.03009033203125, "JPM": 300.885009765625, "NVDA": 235.93499755859375, "NFLX": 87.12339782714844, "ABBV": 210.9149932861328, "PM": 191.23500061035156, "DOW": 38.685001373291016, "BAC": 50.04499816894531, "UNH": 400.9100036621094, "WMT": 132.01499938964844, "MRK": 113.06999969482422, "PG": 142.85780334472656, "CVX": 186.4550018310547, "VZ": 46.974998474121094, "HD": 303.54998779296875, "XOM": 152.55999755859375, "COST": 1035.199951171875, "T": 24.735000610351562, "MA": 489.79998779296875}