{"BAC": 54.53499984741211, "PEP": 144.27999877929688, "MMM": 156.83999633789062, "COST": 983.5599975585938, "MRK": 119.05999755859375, "DUK": 125.04000091552734, "MSFT": 397.26129150390625, "NEE": 85.09500122070312, "AAPL": 291.5, "UNH": 407.55999755859375, "PG": 149.07000732421875, "KO": 83.58000183105469, "JNJ": 238.50999450683594, "SO": 94.0199966430664, "TSLA": 381.6199951171875, "DOW": 34.255001068115234, "O": 62.119998931884766, "VZ": 46.94499969482422, "NVDA": 200.33999633789062, "IBM": 272.6499938964844, "WMT": 120.55999755859375, "NFLX": 81.94999694824219, "GOOGL": 356.2850036621094, "MO": 73.12999725341797, "AVGO": 371.55999755859375, "ABBV": 225.02000427246094, "META": 570.7899780273438, "PM": 182.9499969482422, "HD": 318.95001220703125, "XOM": 150.66000366210938, "T": 23.190000534057617, "CVX": 189.8300018310547, "JPM": 309.2099914550781, "AMZN": 237.94500732421875, "V": 322.9750061035156, "MA": 489.010009765625}