{"XOM": 148.39999389648438, "T": 21.980100631713867, "HD": 333.0849914550781, "V": 361.1199951171875, "MO": 74.65499877929688, "JNJ": 248.84750366210938, "CVX": 189.6699981689453, "PEP": 135.47000122070312, "TSLA": 369.5899963378906, "AMZN": 250.09500122070312, "KO": 82.11000061035156, "DUK": 125.86000061035156, "DOW": 30.3799991607666, "PM": 192.72500610351562, "MA": 547.5150146484375, "MRK": 124.41000366210938, "NFLX": 67.57499694824219, "VZ": 43.494998931884766, "MMM": 159.33999633789062, "AVGO": 378.2099914550781, "SO": 94.47000122070312, "COST": 935.780029296875, "WMT": 112.19999694824219, "ABBV": 253.4199981689453, "PG": 149.13999938964844, "AAPL": 326.70001220703125, "JPM": 338.9100036621094, "BAC": 60.439998626708984, "IBM": 213.0, "O": 65.17500305175781, "META": 645.8599853515625, "GOOGL": 352.1000061035156, "NEE": 88.0199966430664, "UNH": 421.8500061035156, "NVDA": 203.3800048828125, "MSFT": 402.510009765625}