{"T": 23.46500015258789, "DOW": 33.724998474121094, "NEE": 85.74500274658203, "MMM": 158.21009826660156, "BAC": 55.75, "DUK": 124.97000122070312, "PG": 149.625, "AVGO": 379.5450134277344, "MRK": 119.81999969482422, "META": 569.74658203125, "ABBV": 224.92999267578125, "AAPL": 291.41009521484375, "UNH": 406.7799987792969, "SO": 94.11000061035156, "IBM": 271.9549865722656, "AMZN": 236.18499755859375, "VZ": 48.11000061035156, "NVDA": 204.8300018310547, "GOOGL": 361.56500244140625, "PEP": 143.35499572753906, "COST": 974.469970703125, "MA": 491.1000061035156, "KO": 82.21499633789062, "TSLA": 388.0899963378906, "JNJ": 240.13999938964844, "HD": 327.010009765625, "MSFT": 387.1199951171875, "XOM": 148.69000244140625, "MO": 71.7698974609375, "PM": 184.5850067138672, "V": 324.4700012207031, "WMT": 119.9000015258789, "O": 62.57500076293945, "NFLX": 80.55000305175781, "CVX": 188.2449951171875, "JPM": 319.6700134277344}