{"T": 25.344999313354492, "JPM": 302.9599914550781, "NEE": 89.68000030517578, "MO": 73.69999694824219, "PEP": 148.8699951171875, "TSLA": 417.7500915527344, "UNH": 382.510009765625, "VZ": 48.25, "ABBV": 214.57000732421875, "JNJ": 231.72000122070312, "HD": 313.8299865722656, "AAPL": 305.0899963378906, "CVX": 191.02000427246094, "AMZN": 268.3900146484375, "MSFT": 419.0400085449219, "O": 62.224998474121094, "META": 607.6400146484375, "IBM": 253.05999755859375, "SO": 94.25, "MRK": 115.875, "NVDA": 219.5, "MA": 499.3399963378906, "COST": 1050.449951171875, "DUK": 124.6500015258789, "KO": 81.16000366210938, "DOW": 35.88999938964844, "BAC": 51.470001220703125, "GOOGL": 387.6600036621094, "AVGO": 414.5299987792969, "NFLX": 89.31999969482422, "V": 331.0849914550781, "XOM": 155.27999877929688, "WMT": 121.33000183105469, "PM": 188.44000244140625, "MMM": 151.60000610351562, "PG": 143.4199981689453}