{"WMT": 130.97000122070312, "PG": 147.15499877929688, "NEE": 93.15499877929688, "CVX": 181.8000030517578, "IBM": 229.92999267578125, "KO": 78.51499938964844, "AMZN": 272.4549865722656, "SO": 92.19000244140625, "PM": 171.24000549316406, "MSFT": 416.44000244140625, "NVDA": 215.18800354003906, "PEP": 155.86000061035156, "BAC": 51.48500061035156, "O": 62.130001068115234, "MMM": 143.0749969482422, "META": 608.655029296875, "JNJ": 221.05499267578125, "DOW": 37.415000915527344, "AVGO": 429.67999267578125, "TSLA": 427.4617004394531, "COST": 1012.9600219726562, "NFLX": 87.625, "ABBV": 200.53399658203125, "MRK": 111.70379638671875, "V": 319.67999267578125, "HD": 320.04998779296875, "GOOGL": 397.1499938964844, "XOM": 144.94000244140625, "T": 25.274999618530273, "JPM": 301.385009765625, "DUK": 124.44999694824219, "MA": 497.2900085449219, "AAPL": 292.2850036621094, "UNH": 373.1499938964844, "VZ": 47.185001373291016, "MO": 68.80000305175781}