{"BAC": 51.51499938964844, "META": 600.3699951171875, "PG": 140.2949981689453, "COST": 946.0399780273438, "DOW": 34.69499969482422, "JPM": 296.68499755859375, "TSLA": 415.7099914550781, "T": 24.549999237060547, "KO": 78.62999725341797, "WMT": 114.59500122070312, "JNJ": 223.5399932861328, "MRK": 115.20999908447266, "DUK": 119.88500213623047, "O": 59.54999923706055, "AVGO": 459.9599914550781, "VZ": 47.724998474121094, "NFLX": 85.83499908447266, "MA": 495.5299987792969, "NEE": 83.6500015258789, "MMM": 150.92999267578125, "PEP": 141.5399932861328, "UNH": 379.8399963378906, "MSFT": 460.57000732421875, "XOM": 149.47000122070312, "ABBV": 212.99000549316406, "AMZN": 261.239990234375, "AAPL": 306.32000732421875, "MO": 68.6500015258789, "NVDA": 224.4199981689453, "HD": 310.6700134277344, "V": 322.7699890136719, "PM": 172.66000366210938, "GOOGL": 376.3800048828125, "IBM": 320.19000244140625, "SO": 89.04000091552734, "CVX": 185.8300018310547}