{"HD": 349.6914978027344, "TSLA": 385.625, "BAC": 58.13010025024414, "KO": 81.86430358886719, "CVX": 170.7050018310547, "MA": 502.44000244140625, "META": 553.6799926757812, "VZ": 46.474998474121094, "MO": 73.26499938964844, "COST": 953.9149780273438, "MMM": 165.8800048828125, "ABBV": 246.52499389648438, "NVDA": 194.60000610351562, "AMZN": 231.25, "T": 22.565000534057617, "UNH": 425.4200134277344, "MRK": 127.93000030517578, "AAPL": 278.82000732421875, "DOW": 28.90999984741211, "XOM": 136.16000366210938, "IBM": 270.30999755859375, "NFLX": 74.12010192871094, "PEP": 141.2100067138672, "WMT": 116.81999969482422, "JNJ": 253.88999938964844, "NEE": 88.08000183105469, "DUK": 128.13499450683594, "SO": 96.96499633789062, "GOOGL": 341.7799987792969, "V": 338.1050109863281, "PM": 180.77000427246094, "PG": 148.8699951171875, "JPM": 331.1199951171875, "O": 62.93000030517578, "MSFT": 369.8299865722656, "AVGO": 372.7101135253906}