{"UNH": 354.7300109863281, "AMZN": 261.0799865722656, "VZ": 47.08000183105469, "GOOGL": 350.3399963378906, "HD": 332.260009765625, "AAPL": 267.67999267578125, "NFLX": 91.38999938964844, "MA": 506.54998779296875, "DUK": 127.0999984741211, "META": 678.4600219726562, "AVGO": 418.32000732421875, "NVDA": 216.6300048828125, "MSFT": 425.05999755859375, "PM": 160.89999389648438, "NEE": 94.8499984741211, "MO": 66.01000213623047, "PG": 148.38999938964844, "CVX": 184.8800048828125, "WMT": 127.56999969482422, "ABBV": 197.39999389648438, "TSLA": 378.70001220703125, "MRK": 110.23999786376953, "DOW": 38.084999084472656, "COST": 998.0390014648438, "PEP": 154.10000610351562, "JNJ": 225.33999633789062, "O": 62.7400016784668, "XOM": 148.19000244140625, "IBM": 228.0500030517578, "KO": 75.44999694824219, "V": 309.7099914550781, "BAC": 52.63999938964844, "SO": 93.77999877929688, "JPM": 311.7300109863281, "MMM": 145.75, "T": 25.520000457763672}