{"V": 357.82000732421875, "COST": 946.8150024414062, "PM": 184.17799377441406, "PEP": 143.10000610351562, "NEE": 87.66999816894531, "VZ": 41.96500015258789, "O": 63.209999084472656, "DOW": 27.274999618530273, "BAC": 59.78499984741211, "PG": 149.02000427246094, "WMT": 110.45999908447266, "TSLA": 415.8599853515625, "UNH": 416.28900146484375, "MRK": 126.33000183105469, "AAPL": 312.95001220703125, "JNJ": 258.1199951171875, "HD": 351.7300109863281, "META": 601.1599731445312, "MMM": 158.664306640625, "MSFT": 385.95001220703125, "DUK": 126.5000991821289, "JPM": 337.26251220703125, "T": 20.55500030517578, "GOOGL": 364.3399963378906, "ABBV": 255.75, "NFLX": 76.0, "CVX": 168.16000366210938, "MA": 533.5750122070312, "KO": 83.15989685058594, "AMZN": 244.88999938964844, "IBM": 298.5, "MO": 71.98500061035156, "NVDA": 196.4199981689453, "AVGO": 376.44000244140625, "XOM": 137.05499267578125, "SO": 96.2300033569336}