{"SO": 95.15499877929688, "O": 65.2300033569336, "META": 629.447509765625, "MMM": 173.91000366210938, "NFLX": 70.17500305175781, "AMZN": 244.1215057373047, "AVGO": 389.18499755859375, "PEP": 135.4499969482422, "ABBV": 256.54998779296875, "BAC": 61.3849983215332, "JNJ": 255.0500030517578, "UNH": 433.7843933105469, "NVDA": 209.1750030517578, "NEE": 89.17500305175781, "DOW": 31.389999389648438, "V": 354.9100036621094, "HD": 331.7449951171875, "AAPL": 325.09991455078125, "PM": 191.38999938964844, "JPM": 346.2250061035156, "IBM": 209.00999450683594, "MO": 72.70999908447266, "TSLA": 376.8700866699219, "T": 22.959999084472656, "VZ": 44.709999084472656, "CVX": 193.14999389648438, "MRK": 128.4499969482422, "KO": 82.41000366210938, "DUK": 127.37999725341797, "MSFT": 389.5199890136719, "COST": 925.7050170898438, "MA": 534.9199829101562, "PG": 149.35499572753906, "XOM": 154.47999572753906, "WMT": 109.47599792480469, "GOOGL": 347.6449890136719}