{"MSFT": 380.9750061035156, "IBM": 206.85000610351562, "WMT": 108.11000061035156, "COST": 923.7249755859375, "UNH": 425.32000732421875, "JPM": 348.67498779296875, "ABBV": 256.239990234375, "MA": 528.9099731445312, "MO": 71.8499984741211, "CVX": 195.39999389648438, "AVGO": 390.239990234375, "DOW": 31.020000457763672, "PEP": 134.82000732421875, "KO": 81.1050033569336, "T": 22.88920021057129, "HD": 325.2149963378906, "SO": 96.55999755859375, "NEE": 90.2249984741211, "META": 606.9500122070312, "GOOGL": 318.1899108886719, "NFLX": 68.76000213623047, "V": 351.010009765625, "DUK": 129.47000122070312, "AAPL": 320.9599914550781, "NVDA": 207.83999633789062, "AMZN": 233.8498992919922, "O": 64.65499877929688, "MRK": 130.49000549316406, "PM": 190.0500030517578, "TSLA": 320.56500244140625, "XOM": 157.58999633789062, "BAC": 61.375, "JNJ": 259.3949890136719, "MMM": 169.7100067138672, "VZ": 44.03499984741211, "PG": 146.1999969482422}