{"XOM": 152.78309631347656, "MA": 479.6199951171875, "MO": 70.5999984741211, "UNH": 395.5849914550781, "CVX": 189.46499633789062, "T": 22.485000610351562, "META": 625.75, "PM": 176.24000549316406, "V": 319.6650085449219, "NVDA": 220.67999267578125, "MRK": 119.52999877929688, "AMZN": 254.5800018310547, "ABBV": 223.11000061035156, "IBM": 302.5299987792969, "TSLA": 419.8800048828125, "AAPL": 311.42999267578125, "SO": 90.88999938964844, "JNJ": 228.14999389648438, "O": 59.75, "GOOGL": 372.7650146484375, "HD": 309.2699890136719, "DUK": 121.25499725341797, "DOW": 34.779998779296875, "COST": 970.9500122070312, "NEE": 85.32499694824219, "NFLX": 81.67500305175781, "MSFT": 427.7200012207031, "MMM": 152.80499267578125, "JPM": 310.17999267578125, "KO": 77.45999908447266, "VZ": 44.685001373291016, "BAC": 53.834999084472656, "AVGO": 417.12249755859375, "WMT": 117.48999786376953, "PEP": 141.38499450683594, "PG": 140.17999267578125}