{"MMM": 160.52000427246094, "HD": 341.54998779296875, "NVDA": 212.49000549316406, "V": 355.2200012207031, "AAPL": 327.57000732421875, "O": 63.2599983215332, "KO": 82.45500183105469, "ABBV": 244.2100067138672, "AMZN": 254.8800048828125, "BAC": 61.625, "JPM": 346.9800109863281, "WMT": 112.52999877929688, "PEP": 135.47999572753906, "IBM": 211.1999969482422, "DUK": 124.3499984741211, "MSFT": 395.6199951171875, "JNJ": 247.07000732421875, "COST": 916.4500122070312, "MO": 70.5199966430664, "META": 681.2750244140625, "TSLA": 394.19000244140625, "T": 21.420000076293945, "UNH": 418.5799865722656, "PM": 180.89999389648438, "SO": 94.58999633789062, "NFLX": 73.66999816894531, "MRK": 123.6050033569336, "AVGO": 394.1700134277344, "NEE": 89.11000061035156, "GOOGL": 370.9200134277344, "PG": 148.02999877929688, "CVX": 181.64999389648438, "MA": 535.3599853515625, "DOW": 29.69499969482422, "XOM": 144.5}