{"MRK": 113.55000305175781, "NEE": 95.38999938964844, "PEP": 155.91000366210938, "IBM": 225.74000549316406, "PM": 170.52999877929688, "AMZN": 274.9100036621094, "MMM": 146.5399932861328, "VZ": 47.41999816894531, "COST": 995.3599853515625, "BAC": 53.564998626708984, "CVX": 185.1300048828125, "NVDA": 207.6649932861328, "MA": 491.7900085449219, "WMT": 130.05999755859375, "JPM": 314.8800048828125, "AAPL": 287.5299987792969, "MO": 70.16999816894531, "O": 64.0, "DOW": 38.48500061035156, "DUK": 125.48999786376953, "ABBV": 204.91000366210938, "JNJ": 224.5, "KO": 79.19499969482422, "T": 25.549999237060547, "PG": 147.89999389648438, "NFLX": 88.22000122070312, "XOM": 148.55999755859375, "MSFT": 413.760009765625, "HD": 323.0299987792969, "TSLA": 398.5199890136719, "UNH": 367.1000061035156, "META": 612.5399780273438, "SO": 93.51000213623047, "GOOGL": 397.79998779296875, "AVGO": 425.2799987792969, "V": 318.70001220703125}