{"PM": 178.9199981689453, "MO": 73.2249984741211, "KO": 80.45500183105469, "IBM": 258.3699951171875, "ABBV": 243.39999389648438, "BAC": 58.20000076293945, "UNH": 415.80999755859375, "AVGO": 379.3299865722656, "WMT": 115.7699966430664, "DUK": 127.12000274658203, "JPM": 335.2099914550781, "PG": 148.51499938964844, "DOW": 29.315000534057617, "NVDA": 195.74000549316406, "GOOGL": 343.55999755859375, "V": 330.7799987792969, "CVX": 172.27000427246094, "O": 62.040000915527344, "PEP": 139.52999877929688, "MA": 489.0400085449219, "XOM": 137.55999755859375, "TSLA": 375.1499938964844, "COST": 942.47998046875, "MSFT": 352.69000244140625, "META": 542.8699951171875, "NEE": 87.70999908447266, "MMM": 168.08999633789062, "NFLX": 70.91500091552734, "AMZN": 227.1300048828125, "AAPL": 275.04998779296875, "JNJ": 244.97000122070312, "VZ": 46.064998626708984, "T": 22.420000076293945, "SO": 95.91000366210938, "HD": 344.80999755859375, "MRK": 125.47000122070312}