{"VZ": 42.45000076293945, "JPM": 330.5199890136719, "ABBV": 252.61000061035156, "GOOGL": 361.6400146484375, "V": 347.4800109863281, "PG": 148.38999938964844, "PEP": 142.47500610351562, "KO": 83.4000015258789, "SO": 96.37999725341797, "XOM": 140.9499969482422, "COST": 952.9000244140625, "AMZN": 243.55999755859375, "CVX": 175.94000244140625, "AAPL": 313.260009765625, "AVGO": 388.6700134277344, "NFLX": 75.58999633789062, "NVDA": 204.14999389648438, "DUK": 126.78500366210938, "NEE": 87.44000244140625, "UNH": 425.54998779296875, "MO": 72.80000305175781, "META": 603.0700073242188, "BAC": 58.310001373291016, "MSFT": 383.04998779296875, "MRK": 126.0, "MMM": 154.72000122070312, "T": 21.06999969482422, "TSLA": 393.8699951171875, "JNJ": 263.3599853515625, "MA": 519.969970703125, "HD": 336.19000244140625, "IBM": 301.8699951171875, "DOW": 29.024999618530273, "O": 63.2400016784668, "PM": 187.05999755859375, "WMT": 113.05000305175781}