{"DOW": 37.595001220703125, "PM": 170.97999572753906, "PG": 147.19500732421875, "O": 61.98500061035156, "DUK": 124.6050033569336, "TSLA": 407.1300048828125, "IBM": 230.3643035888672, "BAC": 52.845001220703125, "NVDA": 212.9293975830078, "VZ": 47.31999969482422, "MA": 500.0150146484375, "GOOGL": 396.6650085449219, "SO": 92.26000213623047, "NFLX": 88.42500305175781, "JPM": 307.94000244140625, "NEE": 93.58499908447266, "V": 321.9200134277344, "MMM": 144.81500244140625, "AVGO": 407.7900085449219, "KO": 78.7750015258789, "UNH": 368.0299987792969, "XOM": 145.86000061035156, "MO": 69.07499694824219, "MSFT": 422.29998779296875, "COST": 1005.7025146484375, "AMZN": 272.8900146484375, "CVX": 182.2100067138672, "META": 616.344970703125, "JNJ": 222.30999755859375, "HD": 323.8949890136719, "ABBV": 203.30499267578125, "MRK": 111.80000305175781, "PEP": 156.65499877929688, "AAPL": 288.9100036621094, "T": 25.184999465942383, "WMT": 129.9499969482422}